"site","year","replicate","date","period","ncolonies","prev_oldmortality","prev_recentmortality","prev_anymortality","prev_nomortality"
"Black Point",2022,"1",2022-10-10,"Annual",144,1.38888888888889,0,1.38888888888889,98.6111111111111
"Black Point",2022,"2",2022-10-10,"Annual",202,0.99009900990099,0.99009900990099,1.98019801980198,98.019801980198
"Black Point",2022,"3",2022-10-10,"Annual",312,1.6025641025641,0.641025641025641,2.24358974358974,97.7564102564103
"Black Point",2022,"4",2022-10-10,"Annual",24,0,0,0,100
"Black Point",2022,"5",2022-10-10,"Annual",20,0,0,0,100
"Black Point",2022,"6",2022-10-10,"Annual",30,0,0,0,100
"Black Point",2023,"1",2023-10-17,"Annual",141,2.12765957446809,1.41843971631206,2.83687943262411,97.1631205673759
"Black Point",2023,"2",2023-10-17,"Annual",156,7.05128205128205,0.641025641025641,7.69230769230769,92.3076923076923
"Black Point",2023,"3",2023-10-17,"Annual",160,16.25,1.25,17.5,82.5
"Black Point",2023,"4",2023-10-17,"Annual",21,28.5714285714286,9.52380952380952,33.3333333333333,66.6666666666667
"Black Point",2023,"5",2023-10-17,"Annual",48,6.25,0,6.25,93.75
"Black Point",2023,"6",2023-10-17,"Annual",34,0,0,0,100
"Black Point",2024,"1",2024-02-15,"PBL",6,0,0,0,100
"Black Point",2024,"1",2024-10-11,"Annual",84,9.52380952380952,0,9.52380952380952,90.4761904761905
"Black Point",2024,"2",2024-02-15,"PBL",102,21.5686274509804,0,21.5686274509804,78.4313725490196
"Black Point",2024,"2",2024-10-11,"Annual",45,8.88888888888889,0,8.88888888888889,91.1111111111111
"Black Point",2024,"3",2024-02-15,"PBL",142,1.40845070422535,0,1.40845070422535,98.5915492957746
"Black Point",2024,"3",2024-10-11,"Annual",113,13.2743362831858,3.53982300884956,15.929203539823,84.070796460177
"Black Point",2024,"4",2024-02-15,"PBL",20,0,0,0,100
"Black Point",2024,"4",2024-10-11,"Annual",25,0,0,0,100
"Black Point",2024,"5",2024-02-15,"PBL",33,0,0,0,100
"Black Point",2024,"5",2024-10-11,"Annual",35,34.2857142857143,5.71428571428571,40,60
"Black Point",2024,"6",2024-02-15,"PBL",22,0,0,0,100
"Black Point",2024,"6",2024-10-11,"Annual",27,0,0,0,100
"Black Point",2025,"1",2025-03-26,"PBL",51,43.1372549019608,1.96078431372549,43.1372549019608,56.8627450980392
"Black Point",2025,"2",2025-03-26,"PBL",84,29.7619047619048,0,29.7619047619048,70.2380952380952
"Black Point",2025,"3",2025-03-26,"PBL",90,38.8888888888889,0,38.8888888888889,61.1111111111111
"Black Point",2025,"4",2025-03-26,"PBL",16,56.25,0,56.25,43.75
"Black Point",2025,"5",2025-03-26,"PBL",32,31.25,3.125,34.375,65.625
"Black Point",2025,"6",2025-03-26,"PBL",27,0,0,0,100
"Botany Bay",2022,"1",2022-10-03,"Annual",42,0,0,0,100
"Botany Bay",2022,"2",2022-10-03,"Annual",43,0,0,0,100
"Botany Bay",2022,"3",2022-10-03,"Annual",37,0,0,0,100
"Botany Bay",2022,"4",2022-10-03,"Annual",11,0,0,0,100
"Botany Bay",2022,"5",2022-10-03,"Annual",7,0,0,0,100
"Botany Bay",2022,"6",2022-10-03,"Annual",8,0,0,0,100
"Botany Bay",2023,"1",2023-10-12,"Annual",43,4.65116279069767,0,4.65116279069767,95.3488372093023
"Botany Bay",2023,"2",2023-10-12,"Annual",38,5.26315789473684,0,5.26315789473684,94.7368421052632
"Botany Bay",2023,"3",2023-10-12,"Annual",26,15.3846153846154,0,15.3846153846154,84.6153846153846
"Botany Bay",2023,"4",2023-10-12,"Annual",69,5.79710144927536,0,5.79710144927536,94.2028985507246
"Botany Bay",2023,"5",2023-10-12,"Annual",4,0,0,0,100
"Botany Bay",2023,"6",2023-10-12,"Annual",8,0,0,0,100
"Botany Bay",2024,"1",2024-04-17,"PBL",42,2.38095238095238,0,2.38095238095238,97.6190476190476
"Botany Bay",2024,"1",2024-10-17,"Annual",60,5,0,5,95
"Botany Bay",2024,"2",2024-04-17,"PBL",35,0,0,0,100
"Botany Bay",2024,"2",2024-10-17,"Annual",48,0,0,0,100
"Botany Bay",2024,"3",2024-04-17,"PBL",27,7.40740740740741,0,7.40740740740741,92.5925925925926
"Botany Bay",2024,"3",2024-10-17,"Annual",34,23.5294117647059,2.94117647058824,26.4705882352941,73.5294117647059
"Botany Bay",2024,"4",2024-04-17,"PBL",12,0,0,0,100
"Botany Bay",2024,"4",2024-10-17,"Annual",18,11.1111111111111,0,11.1111111111111,88.8888888888889
"Botany Bay",2024,"5",2024-04-17,"PBL",7,0,0,0,100
"Botany Bay",2024,"5",2024-10-17,"Annual",8,25,12.5,25,75
"Botany Bay",2024,"6",2024-04-17,"PBL",6,0,0,0,100
"Botany Bay",2024,"6",2024-10-17,"Annual",17,11.7647058823529,0,11.7647058823529,88.2352941176471
"Botany Bay",2025,"1",2025-03-19,"PBL",44,25,0,25,75
"Botany Bay",2025,"2",2025-03-19,"PBL",39,15.3846153846154,0,15.3846153846154,84.6153846153846
"Botany Bay",2025,"3",2025-03-19,"PBL",30,13.3333333333333,0,13.3333333333333,86.6666666666667
"Botany Bay",2025,"4",2025-03-19,"PBL",9,0,0,0,100
"Botany Bay",2025,"5",2025-03-19,"PBL",4,0,0,0,100
"Botany Bay",2025,"6",2025-03-19,"PBL",3,33.3333333333333,0,33.3333333333333,66.6666666666667
"Brewers Bay",2022,"1",2022-09-23,"Annual",32,3.125,0,3.125,96.875
"Brewers Bay",2022,"2",2022-09-23,"Annual",28,10.7142857142857,0,10.7142857142857,89.2857142857143
"Brewers Bay",2022,"3",2022-09-23,"Annual",15,20,0,20,80
"Brewers Bay",2022,"4",2022-09-23,"Annual",16,43.75,0,43.75,56.25
"Brewers Bay",2022,"5",2022-09-23,"Annual",33,18.1818181818182,0,18.1818181818182,81.8181818181818
"Brewers Bay",2022,"6",2022-09-23,"Annual",13,15.3846153846154,0,15.3846153846154,84.6153846153846
"Brewers Bay",2023,"1",2023-10-17,"Annual",23,4.34782608695652,4.34782608695652,8.69565217391304,91.304347826087
"Brewers Bay",2023,"2",2023-10-17,"Annual",19,0,0,0,100
"Brewers Bay",2023,"3",2023-10-17,"Annual",19,26.3157894736842,0,26.3157894736842,73.6842105263158
"Brewers Bay",2023,"4",2023-10-17,"Annual",34,2.94117647058824,0,2.94117647058824,97.0588235294118
"Brewers Bay",2023,"5",2023-10-17,"Annual",19,15.7894736842105,5.26315789473684,21.0526315789474,78.9473684210526
"Brewers Bay",2023,"6",2023-10-17,"Annual",15,0,0,0,100
"Brewers Bay",2024,"1",2024-04-11,"PBL",25,0,0,0,100
"Brewers Bay",2024,"1",2024-10-11,"Annual",22,0,0,0,100
"Brewers Bay",2024,"2",2024-04-11,"PBL",12,0,0,0,100
"Brewers Bay",2024,"2",2024-10-11,"Annual",15,0,0,0,100
"Brewers Bay",2024,"3",2024-04-11,"PBL",13,0,0,0,100
"Brewers Bay",2024,"3",2024-10-11,"Annual",14,0,0,0,100
"Brewers Bay",2024,"4",2024-04-11,"PBL",22,9.09090909090909,4.54545454545455,13.6363636363636,86.3636363636364
"Brewers Bay",2024,"4",2024-10-11,"Annual",31,3.2258064516129,0,3.2258064516129,96.7741935483871
"Brewers Bay",2024,"5",2024-04-11,"PBL",20,25,0,25,75
"Brewers Bay",2024,"5",2024-10-11,"Annual",29,3.44827586206897,0,3.44827586206897,96.551724137931
"Brewers Bay",2024,"6",2024-04-11,"PBL",11,0,0,0,100
"Brewers Bay",2024,"6",2024-10-11,"Annual",11,0,0,0,100
"Brewers Bay",2025,"1",2025-03-26,"PBL",15,0,0,0,100
"Brewers Bay",2025,"2",2025-03-26,"PBL",11,100,0,100,0
"Brewers Bay",2025,"3",2025-03-26,"PBL",16,87.5,6.25,87.5,12.5
"Brewers Bay",2025,"4",2025-03-26,"PBL",25,0,0,0,100
"Brewers Bay",2025,"5",2025-03-26,"PBL",21,57.1428571428571,0,57.1428571428571,42.8571428571429
"Brewers Bay",2025,"6",2025-03-26,"PBL",18,33.3333333333333,0,33.3333333333333,66.6666666666667
"Buck Island STT",2022,"1",2022-10-04,"Annual",10,0,0,0,100
"Buck Island STT",2022,"2",2022-10-04,"Annual",9,0,0,0,100
"Buck Island STT",2022,"3",2022-10-04,"Annual",12,0,0,0,100
"Buck Island STT",2022,"4",2022-10-04,"Annual",67,0,0,0,100
"Buck Island STT",2022,"5",2022-10-04,"Annual",64,0,0,0,100
"Buck Island STT",2022,"6",2022-10-04,"Annual",43,6.97674418604651,0,6.97674418604651,93.0232558139535
"Buck Island STT",2023,"1",2023-10-19,"Annual",10,0,0,0,100
"Buck Island STT",2023,"2",2023-10-19,"Annual",7,0,0,0,100
"Buck Island STT",2023,"3",2023-10-19,"Annual",11,0,0,0,100
"Buck Island STT",2023,"4",2023-10-19,"Annual",78,2.56410256410256,0,2.56410256410256,97.4358974358974
"Buck Island STT",2023,"5",2023-10-30,"Annual",70,0,0,0,100
"Buck Island STT",2023,"6",2023-10-19,"Annual",80,20,1.25,21.25,78.75
"Buck Island STT",2024,"1",2024-04-02,"PBL",15,0,6.66666666666667,6.66666666666667,93.3333333333333
"Buck Island STT",2024,"1",2024-10-18,"Annual",17,0,0,0,100
"Buck Island STT",2024,"2",2024-04-02,"PBL",8,0,0,0,100
"Buck Island STT",2024,"2",2024-10-18,"Annual",11,0,0,0,100
"Buck Island STT",2024,"3",2024-04-02,"PBL",10,0,0,0,100
"Buck Island STT",2024,"3",2024-10-18,"Annual",10,0,0,0,100
"Buck Island STT",2024,"4",2024-04-02,"PBL",62,4.83870967741935,1.61290322580645,6.45161290322581,93.5483870967742
"Buck Island STT",2024,"4",2024-10-18,"Annual",89,2.24719101123596,0,2.24719101123596,97.752808988764
"Buck Island STT",2024,"5",2024-04-02,"PBL",84,0,0,0,100
"Buck Island STT",2024,"5",2024-10-18,"Annual",61,21.3114754098361,0,21.3114754098361,78.6885245901639
"Buck Island STT",2024,"6",2024-04-02,"PBL",60,0,5,5,95
"Buck Island STT",2024,"6",2024-10-18,"Annual",60,20,1.66666666666667,21.6666666666667,78.3333333333333
"Buck Island STT",2025,"1",2025-03-20,"PBL",14,28.5714285714286,0,28.5714285714286,71.4285714285714
"Buck Island STT",2025,"2",2025-03-20,"PBL",11,0,0,0,100
"Buck Island STT",2025,"3",2025-03-20,"PBL",16,0,0,0,100
"Buck Island STT",2025,"4",2025-03-20,"PBL",50,22,2,24,76
"Buck Island STT",2025,"5",2025-03-20,"PBL",31,0,0,0,100
"Buck Island STT",2025,"6",2025-03-20,"PBL",34,20.5882352941176,5.88235294117647,23.5294117647059,76.4705882352941
"Buck Island STX",2022,"1",2022-10-17,"Annual",17,0,0,0,100
"Buck Island STX",2022,"2",2022-10-17,"Annual",15,0,0,0,100
"Buck Island STX",2022,"3",2022-10-17,"Annual",9,0,0,0,100
"Buck Island STX",2022,"4",2022-10-17,"Annual",15,0,0,0,100
"Buck Island STX",2022,"5",2022-10-17,"Annual",9,11.1111111111111,0,11.1111111111111,88.8888888888889
"Buck Island STX",2022,"6",2022-10-17,"Annual",12,0,0,0,100
"Buck Island STX",2023,"1",2023-11-09,"Annual",11,0,9.09090909090909,9.09090909090909,90.9090909090909
"Buck Island STX",2023,"2",2023-11-09,"Annual",13,23.0769230769231,0,23.0769230769231,76.9230769230769
"Buck Island STX",2023,"3",2023-11-09,"Annual",16,0,0,0,100
"Buck Island STX",2023,"4",2023-11-09,"Annual",21,0,0,0,100
"Buck Island STX",2023,"5",2023-11-09,"Annual",13,0,0,0,100
"Buck Island STX",2023,"6",2023-11-09,"Annual",14,0,0,0,100
"Buck Island STX",2024,"1",2024-03-13,"PBL",15,0,0,0,100
"Buck Island STX",2024,"1",2024-11-11,"Annual",16,0,0,0,100
"Buck Island STX",2024,"2",2024-03-13,"PBL",8,0,0,0,100
"Buck Island STX",2024,"2",2024-11-11,"Annual",9,0,0,0,100
"Buck Island STX",2024,"3",2024-03-13,"PBL",15,0,0,0,100
"Buck Island STX",2024,"3",2024-11-11,"Annual",9,0,0,0,100
"Buck Island STX",2024,"4",2024-03-13,"PBL",12,0,0,0,100
"Buck Island STX",2024,"4",2024-11-11,"Annual",11,9.09090909090909,0,9.09090909090909,90.9090909090909
"Buck Island STX",2024,"5",2024-03-13,"PBL",10,0,0,0,100
"Buck Island STX",2024,"5",2024-11-11,"Annual",9,22.2222222222222,0,22.2222222222222,77.7777777777778
"Buck Island STX",2024,"6",2024-03-13,"PBL",9,0,0,0,100
"Buck Island STX",2024,"6",2024-11-11,"Annual",13,7.69230769230769,0,7.69230769230769,92.3076923076923
"Buck Island STX",2025,"1",2025-04-11,"PBL",13,0,0,0,100
"Buck Island STX",2025,"2",2025-04-11,"PBL",13,7.69230769230769,0,7.69230769230769,92.3076923076923
"Buck Island STX",2025,"3",2025-04-11,"PBL",11,0,0,0,100
"Buck Island STX",2025,"4",2025-04-11,"PBL",14,14.2857142857143,0,14.2857142857143,85.7142857142857
"Buck Island STX",2025,"5",2025-04-11,"PBL",6,0,0,0,100
"Buck Island STX",2025,"6",2025-04-11,"PBL",9,0,0,0,100
"Buck Island STX Deep",2022,"1",2022-10-19,"Annual",10,10,0,10,90
"Buck Island STX Deep",2022,"2",2022-10-19,"Annual",14,14.2857142857143,0,14.2857142857143,85.7142857142857
"Buck Island STX Deep",2022,"3",2022-10-19,"Annual",10,40,0,40,60
"Buck Island STX Deep",2022,"4",2022-10-19,"Annual",11,9.09090909090909,0,9.09090909090909,90.9090909090909
"Buck Island STX Deep",2022,"5",2022-10-19,"Annual",10,0,0,0,100
"Buck Island STX Deep",2022,"6",2022-10-19,"Annual",9,0,0,0,100
"Buck Island STX Deep",2023,"1",2023-11-09,"Annual",10,0,0,0,100
"Buck Island STX Deep",2023,"2",2023-11-09,"Annual",14,0,0,0,100
"Buck Island STX Deep",2023,"3",2023-11-09,"Annual",7,0,0,0,100
"Buck Island STX Deep",2023,"4",2023-11-09,"Annual",8,0,0,0,100
"Buck Island STX Deep",2023,"5",2023-11-09,"Annual",7,0,0,0,100
"Buck Island STX Deep",2023,"6",2023-11-09,"Annual",9,0,0,0,100
"Buck Island STX Deep",2024,"1",2024-03-11,"PBL",9,0,0,0,100
"Buck Island STX Deep",2024,"1",2024-11-11,"Annual",9,0,0,0,100
"Buck Island STX Deep",2024,"2",2024-03-11,"PBL",12,0,0,0,100
"Buck Island STX Deep",2024,"2",2024-11-11,"Annual",13,0,0,0,100
"Buck Island STX Deep",2024,"3",2024-03-11,"PBL",8,0,0,0,100
"Buck Island STX Deep",2024,"3",2024-11-11,"Annual",8,0,0,0,100
"Buck Island STX Deep",2024,"4",2024-03-11,"PBL",7,0,0,0,100
"Buck Island STX Deep",2024,"4",2024-11-11,"Annual",11,9.09090909090909,0,9.09090909090909,90.9090909090909
"Buck Island STX Deep",2024,"5",2024-03-11,"PBL",10,0,0,0,100
"Buck Island STX Deep",2024,"5",2024-11-11,"Annual",11,0,0,0,100
"Buck Island STX Deep",2024,"6",2024-03-11,"PBL",13,0,0,0,100
"Buck Island STX Deep",2024,"6",2024-11-11,"Annual",13,15.3846153846154,0,15.3846153846154,84.6153846153846
"Buck Island STX Deep",2025,"1",2025-04-11,"PBL",9,0,0,0,100
"Buck Island STX Deep",2025,"2",2025-04-11,"PBL",10,0,0,0,100
"Buck Island STX Deep",2025,"3",2025-04-11,"PBL",8,0,0,0,100
"Buck Island STX Deep",2025,"4",2025-04-11,"PBL",8,62.5,0,62.5,37.5
"Buck Island STX Deep",2025,"5",2025-04-11,"PBL",9,0,0,0,100
"Buck Island STX Deep",2025,"6",2025-04-11,"PBL",11,54.5454545454545,0,54.5454545454545,45.4545454545455
"Cane Bay",2022,"1",2022-11-18,"Annual",8,0,0,0,100
"Cane Bay",2022,"2",2022-11-18,"Annual",14,0,0,0,100
"Cane Bay",2022,"3",2022-11-18,"Annual",10,20,0,20,80
"Cane Bay",2022,"4",2022-11-18,"Annual",16,12.5,0,12.5,87.5
"Cane Bay",2022,"5",2022-11-18,"Annual",13,7.69230769230769,0,7.69230769230769,92.3076923076923
"Cane Bay",2022,"6",2022-11-18,"Annual",14,28.5714285714286,0,28.5714285714286,71.4285714285714
"Cane Bay",2023,"1",2023-11-12,"Annual",10,0,0,0,100
"Cane Bay",2023,"2",2023-11-12,"Annual",17,0,0,0,100
"Cane Bay",2023,"3",2023-11-12,"Annual",18,5.55555555555556,0,5.55555555555556,94.4444444444444
"Cane Bay",2023,"4",2023-11-12,"Annual",22,0,0,0,100
"Cane Bay",2023,"5",2023-11-12,"Annual",16,0,0,0,100
"Cane Bay",2023,"6",2023-11-12,"Annual",21,4.76190476190476,0,4.76190476190476,95.2380952380952
"Cane Bay",2024,"1",2024-03-13,"PBL",10,10,0,10,90
"Cane Bay",2024,"1",2024-11-12,"Annual",6,0,0,0,100
"Cane Bay",2024,"2",2024-03-13,"PBL",17,0,0,0,100
"Cane Bay",2024,"2",2024-11-12,"Annual",9,0,0,0,100
"Cane Bay",2024,"3",2024-03-13,"PBL",12,8.33333333333333,0,8.33333333333333,91.6666666666667
"Cane Bay",2024,"3",2024-11-12,"Annual",12,0,0,0,100
"Cane Bay",2024,"4",2024-03-13,"PBL",11,0,0,0,100
"Cane Bay",2024,"4",2024-11-12,"Annual",7,0,0,0,100
"Cane Bay",2024,"5",2024-03-13,"PBL",21,0,0,0,100
"Cane Bay",2024,"5",2024-11-12,"Annual",17,11.7647058823529,5.88235294117647,17.6470588235294,82.3529411764706
"Cane Bay",2024,"6",2024-03-13,"PBL",15,0,0,0,100
"Cane Bay",2024,"6",2024-11-12,"Annual",18,16.6666666666667,0,16.6666666666667,83.3333333333333
"Cane Bay",2025,"1",2025-04-16,"PBL",23,17.3913043478261,0,17.3913043478261,82.6086956521739
"Cane Bay",2025,"2",2025-04-16,"PBL",28,28.5714285714286,0,28.5714285714286,71.4285714285714
"Cane Bay",2025,"3",2025-04-16,"PBL",13,0,0,0,100
"Cane Bay",2025,"4",2025-04-16,"PBL",12,33.3333333333333,0,33.3333333333333,66.6666666666667
"Cane Bay",2025,"5",2025-04-16,"PBL",24,0,0,0,100
"Cane Bay",2025,"6",2025-04-16,"PBL",15,33.3333333333333,0,33.3333333333333,66.6666666666667
"Cane Bay Deep",2022,"1",2022-11-18,"Annual",7,14.2857142857143,0,14.2857142857143,85.7142857142857
"Cane Bay Deep",2022,"2",2022-11-18,"Annual",8,0,0,0,100
"Cane Bay Deep",2022,"3",2022-11-18,"Annual",3,0,0,0,100
"Cane Bay Deep",2022,"4",2022-11-18,"Annual",7,28.5714285714286,0,28.5714285714286,71.4285714285714
"Cane Bay Deep",2022,"5",2022-11-18,"Annual",7,14.2857142857143,0,14.2857142857143,85.7142857142857
"Cane Bay Deep",2022,"6",2022-11-18,"Annual",9,11.1111111111111,0,11.1111111111111,88.8888888888889
"Cane Bay Deep",2023,"1",2023-11-12,"Annual",6,0,0,0,100
"Cane Bay Deep",2023,"2",2023-11-12,"Annual",5,0,0,0,100
"Cane Bay Deep",2023,"3",2023-11-12,"Annual",4,0,0,0,100
"Cane Bay Deep",2023,"4",2023-11-12,"Annual",5,0,0,0,100
"Cane Bay Deep",2023,"5",2023-11-12,"Annual",7,0,0,0,100
"Cane Bay Deep",2023,"6",2023-11-12,"Annual",9,0,0,0,100
"Cane Bay Deep",2024,"1",2024-03-13,"PBL",7,0,0,0,100
"Cane Bay Deep",2024,"1",2024-11-12,"Annual",7,0,0,0,100
"Cane Bay Deep",2024,"2",2024-03-13,"PBL",5,0,0,0,100
"Cane Bay Deep",2024,"2",2024-11-12,"Annual",5,0,0,0,100
"Cane Bay Deep",2024,"3",2024-03-13,"PBL",13,23.0769230769231,30.7692307692308,30.7692307692308,69.2307692307692
"Cane Bay Deep",2024,"3",2024-11-12,"Annual",7,0,0,0,100
"Cane Bay Deep",2024,"4",2024-03-13,"PBL",6,16.6666666666667,16.6666666666667,16.6666666666667,83.3333333333333
"Cane Bay Deep",2024,"4",2024-11-12,"Annual",7,0,0,0,100
"Cane Bay Deep",2024,"5",2024-03-13,"PBL",5,0,0,0,100
"Cane Bay Deep",2024,"5",2024-11-12,"Annual",8,0,0,0,100
"Cane Bay Deep",2024,"6",2024-03-13,"PBL",6,0,0,0,100
"Cane Bay Deep",2024,"6",2024-11-12,"Annual",13,0,0,0,100
"Cane Bay Deep",2025,"1",2025-04-16,"PBL",11,0,0,0,100
"Cane Bay Deep",2025,"2",2025-04-16,"PBL",8,12.5,0,12.5,87.5
"Cane Bay Deep",2025,"3",2025-04-16,"PBL",3,0,0,0,100
"Cane Bay Deep",2025,"4",2025-04-16,"PBL",5,0,0,0,100
"Cane Bay Deep",2025,"5",2025-04-16,"PBL",7,0,0,0,100
"Cane Bay Deep",2025,"6",2025-04-16,"PBL",4,0,0,0,100
"Castle",2022,"1",2022-10-19,"Annual",14,14.2857142857143,0,14.2857142857143,85.7142857142857
"Castle",2022,"2",2022-10-19,"Annual",14,21.4285714285714,0,21.4285714285714,78.5714285714286
"Castle",2022,"3",2022-10-19,"Annual",18,0,0,0,100
"Castle",2022,"4",2022-10-19,"Annual",10,0,0,0,100
"Castle",2022,"5",2022-10-19,"Annual",11,9.09090909090909,0,9.09090909090909,90.9090909090909
"Castle",2022,"6",2022-10-19,"Annual",22,0,0,0,100
"Castle",2023,"1",2023-11-13,"Annual",19,5.26315789473684,5.26315789473684,5.26315789473684,94.7368421052632
"Castle",2023,"2",2023-11-13,"Annual",21,4.76190476190476,0,4.76190476190476,95.2380952380952
"Castle",2023,"3",2023-11-13,"Annual",18,11.1111111111111,0,11.1111111111111,88.8888888888889
"Castle",2023,"4",2023-11-13,"Annual",15,0,0,0,100
"Castle",2023,"5",2023-11-13,"Annual",17,0,0,0,100
"Castle",2023,"6",2023-11-13,"Annual",21,0,0,0,100
"Castle",2024,"1",2024-03-11,"PBL",16,6.25,0,6.25,93.75
"Castle",2024,"1",2024-11-12,"Annual",11,0,0,0,100
"Castle",2024,"2",2024-03-11,"PBL",14,0,0,0,100
"Castle",2024,"2",2024-11-12,"Annual",14,0,0,0,100
"Castle",2024,"3",2024-03-11,"PBL",17,5.88235294117647,0,5.88235294117647,94.1176470588235
"Castle",2024,"3",2024-11-12,"Annual",10,0,0,0,100
"Castle",2024,"4",2024-03-11,"PBL",14,7.14285714285714,0,7.14285714285714,92.8571428571429
"Castle",2024,"4",2024-11-12,"Annual",8,0,0,0,100
"Castle",2024,"5",2024-03-11,"PBL",13,7.69230769230769,0,7.69230769230769,92.3076923076923
"Castle",2024,"5",2024-11-12,"Annual",12,16.6666666666667,0,16.6666666666667,83.3333333333333
"Castle",2024,"6",2024-03-11,"PBL",14,0,0,0,100
"Castle",2024,"6",2024-11-12,"Annual",16,18.75,6.25,18.75,81.25
"Castle",2025,"1",2025-04-11,"PBL",14,57.1428571428571,14.2857142857143,64.2857142857143,35.7142857142857
"Castle",2025,"2",2025-04-11,"PBL",12,91.6666666666667,0,91.6666666666667,8.33333333333334
"Castle",2025,"3",2025-04-11,"PBL",7,71.4285714285714,0,71.4285714285714,28.5714285714286
"Castle",2025,"4",2025-04-11,"PBL",6,0,0,0,100
"Castle",2025,"5",2025-04-11,"PBL",6,66.6666666666667,0,66.6666666666667,33.3333333333333
"Castle",2025,"6",2025-04-11,"PBL",13,84.6153846153846,0,84.6153846153846,15.3846153846154
"Coculus Rock",2022,"1",2022-10-04,"Annual",22,0,0,0,100
"Coculus Rock",2022,"2",2022-10-04,"Annual",26,0,0,0,100
"Coculus Rock",2022,"3",2022-10-04,"Annual",13,0,0,0,100
"Coculus Rock",2022,"4",2022-10-04,"Annual",14,14.2857142857143,0,14.2857142857143,85.7142857142857
"Coculus Rock",2022,"5",2022-10-04,"Annual",6,16.6666666666667,0,16.6666666666667,83.3333333333333
"Coculus Rock",2022,"6",2022-10-04,"Annual",16,0,0,0,100
"Coculus Rock",2023,"1",2023-10-13,"Annual",78,8.97435897435897,0,8.97435897435897,91.025641025641
"Coculus Rock",2023,"2",2023-10-13,"Annual",26,15.3846153846154,0,15.3846153846154,84.6153846153846
"Coculus Rock",2023,"3",2023-10-13,"Annual",87,1.14942528735632,0,1.14942528735632,98.8505747126437
"Coculus Rock",2023,"4",2023-10-13,"Annual",87,4.59770114942529,6.89655172413793,11.4942528735632,88.5057471264368
"Coculus Rock",2023,"5",2023-10-13,"Annual",16,0,0,0,100
"Coculus Rock",2023,"6",2023-10-13,"Annual",21,9.52380952380952,0,9.52380952380952,90.4761904761905
"Coculus Rock",2024,"1",2024-04-02,"PBL",238,0.420168067226891,0,0.420168067226891,99.5798319327731
"Coculus Rock",2024,"1",2024-10-18,"Annual",218,0.91743119266055,0.458715596330275,1.37614678899083,98.6238532110092
"Coculus Rock",2024,"2",2024-04-02,"PBL",18,0,0,0,100
"Coculus Rock",2024,"2",2024-10-18,"Annual",26,0,0,0,100
"Coculus Rock",2024,"3",2024-04-02,"PBL",142,0.704225352112676,0,0.704225352112676,99.2957746478873
"Coculus Rock",2024,"3",2024-10-18,"Annual",176,0,0,0,100
"Coculus Rock",2024,"4",2024-04-02,"PBL",24,4.16666666666667,0,4.16666666666667,95.8333333333333
"Coculus Rock",2024,"4",2024-10-18,"Annual",21,4.76190476190476,0,4.76190476190476,95.2380952380952
"Coculus Rock",2024,"5",2024-04-02,"PBL",12,16.6666666666667,0,16.6666666666667,83.3333333333333
"Coculus Rock",2024,"5",2024-10-18,"Annual",14,14.2857142857143,0,14.2857142857143,85.7142857142857
"Coculus Rock",2024,"6",2024-04-02,"PBL",26,3.84615384615385,0,3.84615384615385,96.1538461538462
"Coculus Rock",2024,"6",2024-10-18,"Annual",22,4.54545454545455,0,4.54545454545455,95.4545454545455
"Coculus Rock",2025,"1",2025-05-08,"PBL",119,16.8067226890756,0,16.8067226890756,83.1932773109244
"Coculus Rock",2025,"2",2025-05-08,"PBL",48,0,0,0,100
"Coculus Rock",2025,"3",2025-05-08,"PBL",115,14.7826086956522,0.869565217391304,15.6521739130435,84.3478260869565
"Coculus Rock",2025,"4",2025-05-08,"PBL",17,23.5294117647059,0,23.5294117647059,76.4705882352941
"Coculus Rock",2025,"5",2025-05-08,"PBL",7,0,0,0,100
"Coculus Rock",2025,"6",2025-05-08,"PBL",19,15.7894736842105,0,15.7894736842105,84.2105263157895
"College Shoal East",2022,"1",2022-11-18,"Annual",17,17.6470588235294,0,17.6470588235294,82.3529411764706
"College Shoal East",2022,"2",2022-11-18,"Annual",14,7.14285714285714,0,7.14285714285714,92.8571428571429
"College Shoal East",2022,"3",2022-11-18,"Annual",11,0,0,0,100
"College Shoal East",2022,"4",2022-11-18,"Annual",7,14.2857142857143,0,14.2857142857143,85.7142857142857
"College Shoal East",2022,"5",2022-11-18,"Annual",13,0,0,0,100
"College Shoal East",2022,"6",2022-11-18,"Annual",17,0,0,0,100
"College Shoal East",2023,"1",2023-12-06,"Annual",18,0,0,0,100
"College Shoal East",2023,"2",2023-12-06,"Annual",12,0,0,0,100
"College Shoal East",2023,"3",2023-12-06,"Annual",13,23.0769230769231,0,23.0769230769231,76.9230769230769
"College Shoal East",2023,"4",2023-12-06,"Annual",18,0,0,0,100
"College Shoal East",2023,"5",2023-12-06,"Annual",13,0,0,0,100
"College Shoal East",2023,"6",2023-12-06,"Annual",17,0,0,0,100
"College Shoal East",2024,"1",2024-05-14,"PBL",11,0,0,0,100
"College Shoal East",2024,"1",2024-11-21,"Annual",13,0,0,0,100
"College Shoal East",2024,"2",2024-05-14,"PBL",4,0,0,0,100
"College Shoal East",2024,"2",2024-11-21,"Annual",10,0,0,0,100
"College Shoal East",2024,"3",2024-05-14,"PBL",10,20,0,20,80
"College Shoal East",2024,"3",2024-11-21,"Annual",17,0,0,0,100
"College Shoal East",2024,"4",2024-05-14,"PBL",14,0,0,0,100
"College Shoal East",2024,"4",2024-11-21,"Annual",13,0,0,0,100
"College Shoal East",2024,"5",2024-05-14,"PBL",10,0,0,0,100
"College Shoal East",2024,"5",2024-11-21,"Annual",13,0,0,0,100
"College Shoal East",2024,"6",2024-05-14,"PBL",17,5.88235294117647,0,5.88235294117647,94.1176470588235
"College Shoal East",2024,"6",2024-11-21,"Annual",22,9.09090909090909,0,9.09090909090909,90.9090909090909
"College Shoal East",2025,"1",2025-04-08,"PBL",22,36.3636363636364,0,36.3636363636364,63.6363636363636
"College Shoal East",2025,"2",2025-04-08,"PBL",8,0,0,0,100
"College Shoal East",2025,"3",2025-04-08,"PBL",11,0,0,0,100
"College Shoal East",2025,"4",2025-04-08,"PBL",8,12.5,0,12.5,87.5
"College Shoal East",2025,"5",2025-04-08,"PBL",9,55.5555555555556,0,55.5555555555556,44.4444444444444
"College Shoal East",2025,"6",2025-04-08,"PBL",9,88.8888888888889,0,88.8888888888889,11.1111111111111
"Coral Bay",2022,"1",2022-09-08,"Annual",27,3.7037037037037,0,3.7037037037037,96.2962962962963
"Coral Bay",2022,"2",2022-09-08,"Annual",30,10,0,10,90
"Coral Bay",2022,"3",2022-09-08,"Annual",24,0,0,0,100
"Coral Bay",2022,"4",2022-09-08,"Annual",14,0,0,0,100
"Coral Bay",2022,"5",2022-09-08,"Annual",28,0,0,0,100
"Coral Bay",2022,"6",2022-09-08,"Annual",18,0,0,0,100
"Coral Bay",2023,"1",2023-10-13,"Annual",28,3.57142857142857,0,3.57142857142857,96.4285714285714
"Coral Bay",2023,"2",2023-10-13,"Annual",22,0,0,0,100
"Coral Bay",2023,"3",2023-10-13,"Annual",25,0,0,0,100
"Coral Bay",2023,"4",2023-10-13,"Annual",14,0,7.14285714285714,7.14285714285714,92.8571428571429
"Coral Bay",2023,"5",2023-10-13,"Annual",31,3.2258064516129,0,3.2258064516129,96.7741935483871
"Coral Bay",2023,"6",2023-10-13,"Annual",17,11.7647058823529,0,11.7647058823529,88.2352941176471
"Coral Bay",2024,"1",2024-02-16,"PBL",27,0,0,0,100
"Coral Bay",2024,"1",2024-10-24,"Annual",14,0,0,0,100
"Coral Bay",2024,"2",2024-02-16,"PBL",21,0,0,0,100
"Coral Bay",2024,"2",2024-10-24,"Annual",11,0,0,0,100
"Coral Bay",2024,"3",2024-02-16,"PBL",21,0,0,0,100
"Coral Bay",2024,"3",2024-10-24,"Annual",29,3.44827586206897,0,3.44827586206897,96.551724137931
"Coral Bay",2024,"4",2024-02-16,"PBL",13,0,0,0,100
"Coral Bay",2024,"4",2024-10-24,"Annual",18,0,0,0,100
"Coral Bay",2024,"5",2024-02-16,"PBL",27,11.1111111111111,0,11.1111111111111,88.8888888888889
"Coral Bay",2024,"5",2024-10-24,"Annual",30,0,0,0,100
"Coral Bay",2024,"6",2024-02-16,"PBL",18,16.6666666666667,5.55555555555556,16.6666666666667,83.3333333333333
"Coral Bay",2024,"6",2024-10-24,"Annual",15,0,0,0,100
"Coral Bay",2025,"1",2025-05-08,"PBL",23,0,0,0,100
"Coral Bay",2025,"2",2025-05-08,"PBL",22,4.54545454545455,0,4.54545454545455,95.4545454545455
"Coral Bay",2025,"3",2025-05-08,"PBL",45,31.1111111111111,0,31.1111111111111,68.8888888888889
"Coral Bay",2025,"4",2025-05-08,"PBL",31,38.7096774193548,0,38.7096774193548,61.2903225806452
"Coral Bay",2025,"5",2025-05-08,"PBL",17,0,0,0,100
"Coral Bay",2025,"6",2025-05-08,"PBL",22,4.54545454545455,0,4.54545454545455,95.4545454545455
"Eagle Ray",2022,"1",2022-10-20,"Annual",7,14.2857142857143,0,14.2857142857143,85.7142857142857
"Eagle Ray",2022,"2",2022-10-20,"Annual",13,15.3846153846154,0,15.3846153846154,84.6153846153846
"Eagle Ray",2022,"3",2022-10-20,"Annual",6,0,0,0,100
"Eagle Ray",2022,"4",2022-10-20,"Annual",8,0,0,0,100
"Eagle Ray",2022,"5",2022-10-20,"Annual",16,0,0,0,100
"Eagle Ray",2022,"6",2022-10-20,"Annual",12,0,0,0,100
"Eagle Ray",2023,"1",2023-11-11,"Annual",9,11.1111111111111,0,11.1111111111111,88.8888888888889
"Eagle Ray",2023,"2",2023-11-11,"Annual",14,0,7.14285714285714,7.14285714285714,92.8571428571429
"Eagle Ray",2023,"3",2023-11-11,"Annual",6,0,0,0,100
"Eagle Ray",2023,"4",2023-11-11,"Annual",10,0,0,0,100
"Eagle Ray",2023,"5",2023-11-11,"Annual",13,0,0,0,100
"Eagle Ray",2023,"6",2023-11-11,"Annual",10,0,0,0,100
"Eagle Ray",2024,"1",2024-03-13,"PBL",11,9.09090909090909,0,9.09090909090909,90.9090909090909
"Eagle Ray",2024,"1",2024-11-14,"Annual",8,0,0,0,100
"Eagle Ray",2024,"2",2024-03-13,"PBL",14,0,0,0,100
"Eagle Ray",2024,"2",2024-11-14,"Annual",3,0,0,0,100
"Eagle Ray",2024,"3",2024-03-13,"PBL",5,0,0,0,100
"Eagle Ray",2024,"3",2024-11-14,"Annual",9,0,0,0,100
"Eagle Ray",2024,"4",2024-03-13,"PBL",10,0,0,0,100
"Eagle Ray",2024,"4",2024-11-14,"Annual",17,0,0,0,100
"Eagle Ray",2024,"5",2024-03-13,"PBL",12,8.33333333333333,8.33333333333333,8.33333333333333,91.6666666666667
"Eagle Ray",2024,"5",2024-11-14,"Annual",16,0,0,0,100
"Eagle Ray",2024,"6",2024-03-13,"PBL",7,0,0,0,100
"Eagle Ray",2024,"6",2024-11-14,"Annual",11,0,0,0,100
"Eagle Ray",2025,"1",2025-04-12,"PBL",11,9.09090909090909,0,9.09090909090909,90.9090909090909
"Eagle Ray",2025,"2",2025-04-12,"PBL",18,27.7777777777778,0,27.7777777777778,72.2222222222222
"Eagle Ray",2025,"3",2025-04-12,"PBL",13,46.1538461538462,0,46.1538461538462,53.8461538461538
"Eagle Ray",2025,"4",2025-04-12,"PBL",8,75,0,75,25
"Eagle Ray",2025,"5",2025-04-12,"PBL",11,0,0,0,100
"Eagle Ray",2025,"6",2025-04-12,"PBL",11,54.5454545454545,0,54.5454545454545,45.4545454545455
"Fish Bay",2022,"1",2022-09-08,"Annual",3,0,0,0,100
"Fish Bay",2022,"2",2022-09-08,"Annual",8,0,0,0,100
"Fish Bay",2022,"3",2022-09-08,"Annual",6,0,0,0,100
"Fish Bay",2022,"4",2022-09-08,"Annual",13,0,0,0,100
"Fish Bay",2022,"5",2022-09-08,"Annual",3,0,0,0,100
"Fish Bay",2022,"6",2022-09-08,"Annual",8,0,0,0,100
"Fish Bay",2023,"1",2023-10-13,"Annual",9,44.4444444444444,0,44.4444444444444,55.5555555555556
"Fish Bay",2023,"2",2023-10-13,"Annual",13,0,0,0,100
"Fish Bay",2023,"3",2023-10-13,"Annual",9,0,0,0,100
"Fish Bay",2023,"4",2023-10-13,"Annual",15,0,0,0,100
"Fish Bay",2023,"5",2023-10-13,"Annual",8,0,0,0,100
"Fish Bay",2023,"6",2023-10-13,"Annual",14,0,0,0,100
"Fish Bay",2024,"1",2024-02-16,"PBL",4,25,0,25,75
"Fish Bay",2024,"1",2024-10-24,"Annual",10,0,0,0,100
"Fish Bay",2024,"2",2024-02-16,"PBL",9,0,0,0,100
"Fish Bay",2024,"2",2024-10-24,"Annual",9,0,0,0,100
"Fish Bay",2024,"3",2024-02-16,"PBL",9,0,0,0,100
"Fish Bay",2024,"3",2024-10-24,"Annual",7,0,0,0,100
"Fish Bay",2024,"4",2024-02-16,"PBL",13,0,0,0,100
"Fish Bay",2024,"4",2024-10-24,"Annual",8,0,0,0,100
"Fish Bay",2024,"5",2024-02-16,"PBL",18,5.55555555555556,0,5.55555555555556,94.4444444444444
"Fish Bay",2024,"5",2024-10-24,"Annual",8,0,0,0,100
"Fish Bay",2024,"6",2024-02-16,"PBL",8,12.5,0,12.5,87.5
"Fish Bay",2024,"6",2024-10-24,"Annual",14,14.2857142857143,7.14285714285714,14.2857142857143,85.7142857142857
"Fish Bay",2025,"1",2025-05-08,"PBL",5,20,0,20,80
"Fish Bay",2025,"2",2025-05-08,"PBL",10,10,0,10,90
"Fish Bay",2025,"3",2025-05-08,"PBL",9,0,0,0,100
"Fish Bay",2025,"4",2025-05-08,"PBL",6,0,0,0,100
"Fish Bay",2025,"5",2025-05-08,"PBL",4,0,0,0,100
"Fish Bay",2025,"6",2025-05-08,"PBL",9,0,0,0,100
"Flat Cay",2022,"1",2022-10-10,"Annual",19,0,0,0,100
"Flat Cay",2022,"2",2022-10-10,"Annual",16,0,0,0,100
"Flat Cay",2022,"3",2022-10-10,"Annual",20,0,0,0,100
"Flat Cay",2022,"4",2022-10-10,"Annual",79,0,0,0,100
"Flat Cay",2022,"5",2022-10-10,"Annual",142,1.40845070422535,0,1.40845070422535,98.5915492957746
"Flat Cay",2022,"6",2022-10-10,"Annual",132,4.54545454545455,0.757575757575758,5.3030303030303,94.6969696969697
"Flat Cay",2023,"1",2023-10-17,"Annual",16,0,0,0,100
"Flat Cay",2023,"2",2023-10-17,"Annual",25,0,0,0,100
"Flat Cay",2023,"3",2023-10-17,"Annual",45,26.6666666666667,0,26.6666666666667,73.3333333333333
"Flat Cay",2023,"4",2023-10-17,"Annual",88,10.2272727272727,0,10.2272727272727,89.7727272727273
"Flat Cay",2023,"5",2023-10-17,"Annual",101,10.8910891089109,2.97029702970297,11.8811881188119,88.1188118811881
"Flat Cay",2023,"6",2023-10-17,"Annual",113,0.884955752212389,0,0.884955752212389,99.1150442477876
"Flat Cay",2024,"1",2024-02-15,"PBL",14,7.14285714285714,0,7.14285714285714,92.8571428571429
"Flat Cay",2024,"1",2024-10-22,"Annual",20,5,0,5,95
"Flat Cay",2024,"2",2024-02-15,"PBL",13,7.69230769230769,0,7.69230769230769,92.3076923076923
"Flat Cay",2024,"2",2024-10-22,"Annual",18,5.55555555555556,0,5.55555555555556,94.4444444444444
"Flat Cay",2024,"3",2024-02-15,"PBL",17,0,0,0,100
"Flat Cay",2024,"3",2024-10-22,"Annual",14,0,0,0,100
"Flat Cay",2024,"4",2024-02-15,"PBL",108,0,0,0,100
"Flat Cay",2024,"4",2024-10-22,"Annual",107,6.54205607476635,0.934579439252336,7.47663551401869,92.5233644859813
"Flat Cay",2024,"5",2024-02-15,"PBL",78,2.56410256410256,0,2.56410256410256,97.4358974358974
"Flat Cay",2024,"5",2024-10-22,"Annual",96,12.5,3.125,15.625,84.375
"Flat Cay",2024,"6",2024-02-15,"PBL",91,0,0,0,100
"Flat Cay",2024,"6",2024-10-22,"Annual",94,8.51063829787234,0,8.51063829787234,91.4893617021277
"Flat Cay",2025,"1",2025-03-27,"PBL",12,33.3333333333333,0,33.3333333333333,66.6666666666667
"Flat Cay",2025,"2",2025-03-27,"PBL",19,36.8421052631579,0,36.8421052631579,63.1578947368421
"Flat Cay",2025,"3",2025-03-27,"PBL",11,0,0,0,100
"Flat Cay",2025,"4",2025-03-27,"PBL",114,8.7719298245614,0,8.7719298245614,91.2280701754386
"Flat Cay",2025,"5",2025-03-27,"PBL",75,5.33333333333333,0,5.33333333333333,94.6666666666667
"Flat Cay",2025,"6",2025-03-27,"PBL",97,17.5257731958763,0,17.5257731958763,82.4742268041237
"Grammanik Tiger FSA",2022,"1",2022-12-07,"Annual",8,12.5,0,12.5,87.5
"Grammanik Tiger FSA",2022,"2",2022-12-07,"Annual",8,12.5,0,12.5,87.5
"Grammanik Tiger FSA",2022,"3",2022-12-07,"Annual",12,0,0,0,100
"Grammanik Tiger FSA",2022,"4",2022-12-07,"Annual",11,0,0,0,100
"Grammanik Tiger FSA",2022,"5",2022-12-07,"Annual",13,7.69230769230769,7.69230769230769,7.69230769230769,92.3076923076923
"Grammanik Tiger FSA",2022,"6",2022-12-07,"Annual",24,20.8333333333333,4.16666666666667,20.8333333333333,79.1666666666667
"Grammanik Tiger FSA",2023,"1",2023-12-05,"Annual",10,10,10,20,80
"Grammanik Tiger FSA",2023,"2",2023-12-05,"Annual",19,5.26315789473684,0,5.26315789473684,94.7368421052632
"Grammanik Tiger FSA",2023,"3",2023-12-05,"Annual",12,0,8.33333333333333,8.33333333333333,91.6666666666667
"Grammanik Tiger FSA",2023,"4",2023-12-05,"Annual",11,9.09090909090909,9.09090909090909,18.1818181818182,81.8181818181818
"Grammanik Tiger FSA",2023,"5",2023-12-05,"Annual",11,0,9.09090909090909,9.09090909090909,90.9090909090909
"Grammanik Tiger FSA",2023,"6",2023-12-05,"Annual",20,0,0,0,100
"Grammanik Tiger FSA",2024,"1",2024-04-08,"PBL",8,0,0,0,100
"Grammanik Tiger FSA",2024,"1",2024-11-22,"Annual",9,0,0,0,100
"Grammanik Tiger FSA",2024,"2",2024-04-08,"PBL",10,0,0,0,100
"Grammanik Tiger FSA",2024,"2",2024-11-22,"Annual",14,7.14285714285714,0,7.14285714285714,92.8571428571429
"Grammanik Tiger FSA",2024,"3",2024-04-08,"PBL",8,25,12.5,25,75
"Grammanik Tiger FSA",2024,"3",2024-11-22,"Annual",12,0,0,0,100
"Grammanik Tiger FSA",2024,"4",2024-04-08,"PBL",9,11.1111111111111,0,11.1111111111111,88.8888888888889
"Grammanik Tiger FSA",2024,"4",2024-11-22,"Annual",11,0,0,0,100
"Grammanik Tiger FSA",2024,"5",2024-04-08,"PBL",10,0,0,0,100
"Grammanik Tiger FSA",2024,"5",2024-11-22,"Annual",13,0,0,0,100
"Grammanik Tiger FSA",2024,"6",2024-04-08,"PBL",20,10,0,10,90
"Grammanik Tiger FSA",2024,"6",2024-11-22,"Annual",15,0,0,0,100
"Grammanik Tiger FSA",2025,"1",2025-04-08,"PBL",12,0,0,0,100
"Grammanik Tiger FSA",2025,"2",2025-04-08,"PBL",8,62.5,0,62.5,37.5
"Grammanik Tiger FSA",2025,"3",2025-04-08,"PBL",18,0,0,0,100
"Grammanik Tiger FSA",2025,"4",2025-04-08,"PBL",7,0,0,0,100
"Grammanik Tiger FSA",2025,"5",2025-04-08,"PBL",8,0,0,0,100
"Grammanik Tiger FSA",2025,"6",2025-04-08,"PBL",15,40,6.66666666666667,40,60
"Great Pond",2022,"1",2022-10-21,"Annual",16,0,0,0,100
"Great Pond",2022,"2",2022-10-21,"Annual",8,25,0,25,75
"Great Pond",2022,"3",2022-10-21,"Annual",14,0,0,0,100
"Great Pond",2022,"4",2022-10-21,"Annual",8,0,0,0,100
"Great Pond",2022,"5",2022-10-21,"Annual",4,0,0,0,100
"Great Pond",2022,"6",2022-10-21,"Annual",6,0,0,0,100
"Great Pond",2023,"1",2023-11-14,"Annual",25,0,0,0,100
"Great Pond",2023,"2",2023-11-14,"Annual",8,0,0,0,100
"Great Pond",2023,"3",2023-11-14,"Annual",19,0,0,0,100
"Great Pond",2023,"4",2023-11-14,"Annual",9,11.1111111111111,0,11.1111111111111,88.8888888888889
"Great Pond",2023,"5",2023-11-14,"Annual",7,42.8571428571429,0,42.8571428571429,57.1428571428571
"Great Pond",2023,"6",2023-11-14,"Annual",6,0,0,0,100
"Great Pond",2024,"1",2024-03-12,"PBL",13,0,0,0,100
"Great Pond",2024,"1",2024-11-13,"Annual",14,7.14285714285714,0,7.14285714285714,92.8571428571429
"Great Pond",2024,"2",2024-03-12,"PBL",4,0,0,0,100
"Great Pond",2024,"2",2024-11-13,"Annual",8,12.5,12.5,25,75
"Great Pond",2024,"3",2024-03-12,"PBL",22,0,0,0,100
"Great Pond",2024,"3",2024-11-13,"Annual",11,18.1818181818182,0,18.1818181818182,81.8181818181818
"Great Pond",2024,"4",2024-03-12,"PBL",3,0,0,0,100
"Great Pond",2024,"4",2024-11-13,"Annual",6,0,0,0,100
"Great Pond",2024,"5",2024-03-12,"PBL",3,0,0,0,100
"Great Pond",2024,"5",2024-11-13,"Annual",9,0,0,0,100
"Great Pond",2024,"6",2024-03-12,"PBL",6,0,0,0,100
"Great Pond",2024,"6",2024-11-13,"Annual",8,12.5,0,12.5,87.5
"Great Pond",2025,"1",2025-04-13,"PBL",11,9.09090909090909,9.09090909090909,18.1818181818182,81.8181818181818
"Great Pond",2025,"2",2025-04-13,"PBL",3,0,0,0,100
"Great Pond",2025,"3",2025-04-13,"PBL",9,0,0,0,100
"Great Pond",2025,"4",2025-04-13,"PBL",3,0,0,0,100
"Great Pond",2025,"5",2025-04-13,"PBL",4,0,0,0,100
"Great Pond",2025,"6",2025-04-13,"PBL",3,33.3333333333333,0,33.3333333333333,66.6666666666667
"Hind Bank East FSA",2022,"1",2022-11-08,"Annual",10,10,0,10,90
"Hind Bank East FSA",2022,"2",2022-11-08,"Annual",4,0,0,0,100
"Hind Bank East FSA",2022,"3",2022-11-08,"Annual",14,0,0,0,100
"Hind Bank East FSA",2022,"4",2022-11-08,"Annual",8,0,0,0,100
"Hind Bank East FSA",2022,"5",2022-11-08,"Annual",12,0,0,0,100
"Hind Bank East FSA",2022,"6",2022-11-08,"Annual",13,0,0,0,100
"Hind Bank East FSA",2023,"1",2023-12-06,"Annual",17,0,0,0,100
"Hind Bank East FSA",2023,"2",2023-12-06,"Annual",11,0,0,0,100
"Hind Bank East FSA",2023,"3",2023-12-06,"Annual",14,0,0,0,100
"Hind Bank East FSA",2023,"4",2023-12-06,"Annual",7,14.2857142857143,0,14.2857142857143,85.7142857142857
"Hind Bank East FSA",2023,"5",2023-12-06,"Annual",10,0,0,0,100
"Hind Bank East FSA",2023,"6",2023-12-06,"Annual",12,25,0,25,75
"Hind Bank East FSA",2024,"1",2024-05-14,"PBL",12,0,0,0,100
"Hind Bank East FSA",2024,"1",2024-11-21,"Annual",17,0,0,0,100
"Hind Bank East FSA",2024,"2",2024-05-14,"PBL",9,0,0,0,100
"Hind Bank East FSA",2024,"2",2024-11-21,"Annual",13,0,0,0,100
"Hind Bank East FSA",2024,"3",2024-05-14,"PBL",11,0,0,0,100
"Hind Bank East FSA",2024,"3",2024-11-21,"Annual",14,7.14285714285714,0,7.14285714285714,92.8571428571429
"Hind Bank East FSA",2024,"4",2024-05-14,"PBL",10,0,0,0,100
"Hind Bank East FSA",2024,"4",2024-11-21,"Annual",14,0,0,0,100
"Hind Bank East FSA",2024,"5",2024-05-14,"PBL",8,0,0,0,100
"Hind Bank East FSA",2024,"5",2024-11-21,"Annual",20,0,0,0,100
"Hind Bank East FSA",2024,"6",2024-11-21,"Annual",18,5.55555555555556,0,5.55555555555556,94.4444444444444
"Hind Bank East FSA",2025,"1",2025-03-28,"PBL",17,0,0,0,100
"Hind Bank East FSA",2025,"2",2025-03-28,"PBL",9,0,0,0,100
"Hind Bank East FSA",2025,"3",2025-03-28,"PBL",7,42.8571428571429,0,42.8571428571429,57.1428571428571
"Hind Bank East FSA",2025,"4",2025-03-28,"PBL",10,0,0,0,100
"Hind Bank East FSA",2025,"5",2025-03-28,"PBL",6,16.6666666666667,0,16.6666666666667,83.3333333333333
"Hind Bank East FSA",2025,"6",2025-03-28,"PBL",15,40,0,40,60
"Jacks Bay",2022,"1",2022-11-17,"Annual",15,0,0,0,100
"Jacks Bay",2022,"2",2022-11-17,"Annual",14,0,0,0,100
"Jacks Bay",2022,"3",2022-11-17,"Annual",15,0,0,0,100
"Jacks Bay",2022,"4",2022-11-17,"Annual",17,11.7647058823529,0,11.7647058823529,88.2352941176471
"Jacks Bay",2022,"5",2022-11-17,"Annual",16,0,0,0,100
"Jacks Bay",2022,"6",2022-11-17,"Annual",16,6.25,0,6.25,93.75
"Jacks Bay",2023,"1",2023-11-14,"Annual",16,0,0,0,100
"Jacks Bay",2023,"2",2023-11-14,"Annual",31,0,0,0,100
"Jacks Bay",2023,"3",2023-11-14,"Annual",28,0,0,0,100
"Jacks Bay",2023,"4",2023-11-14,"Annual",27,3.7037037037037,7.40740740740741,11.1111111111111,88.8888888888889
"Jacks Bay",2023,"5",2023-11-14,"Annual",17,0,0,0,100
"Jacks Bay",2023,"6",2023-11-14,"Annual",27,0,0,0,100
"Jacks Bay",2024,"1",2024-03-14,"PBL",9,0,0,0,100
"Jacks Bay",2024,"1",2024-11-13,"Annual",16,0,0,0,100
"Jacks Bay",2024,"2",2024-03-14,"PBL",11,0,0,0,100
"Jacks Bay",2024,"2",2024-11-13,"Annual",16,0,0,0,100
"Jacks Bay",2024,"3",2024-03-14,"PBL",10,0,0,0,100
"Jacks Bay",2024,"3",2024-11-13,"Annual",9,0,0,0,100
"Jacks Bay",2024,"4",2024-03-14,"PBL",12,0,0,0,100
"Jacks Bay",2024,"4",2024-11-13,"Annual",24,0,0,0,100
"Jacks Bay",2024,"5",2024-03-14,"PBL",12,0,0,0,100
"Jacks Bay",2024,"5",2024-11-13,"Annual",20,0,0,0,100
"Jacks Bay",2024,"6",2024-03-14,"PBL",17,0,0,0,100
"Jacks Bay",2024,"6",2024-11-13,"Annual",24,0,4.16666666666667,4.16666666666667,95.8333333333333
"Jacks Bay",2025,"1",2025-04-15,"PBL",33,27.2727272727273,0,27.2727272727273,72.7272727272727
"Jacks Bay",2025,"2",2025-04-15,"PBL",49,18.3673469387755,0,18.3673469387755,81.6326530612245
"Jacks Bay",2025,"3",2025-04-15,"PBL",10,10,0,10,90
"Jacks Bay",2025,"4",2025-04-15,"PBL",16,25,0,25,75
"Jacks Bay",2025,"5",2025-04-15,"PBL",17,35.2941176470588,5.88235294117647,41.1764705882353,58.8235294117647
"Jacks Bay",2025,"6",2025-04-15,"PBL",14,7.14285714285714,0,7.14285714285714,92.8571428571429
"Kings Corner",2022,"1",2022-10-22,"Annual",10,0,0,0,100
"Kings Corner",2022,"2",2022-10-22,"Annual",8,0,0,0,100
"Kings Corner",2022,"3",2022-10-22,"Annual",14,7.14285714285714,0,7.14285714285714,92.8571428571429
"Kings Corner",2022,"4",2022-10-22,"Annual",10,10,0,10,90
"Kings Corner",2022,"5",2022-10-22,"Annual",5,0,0,0,100
"Kings Corner",2022,"6",2022-10-22,"Annual",17,5.88235294117647,0,5.88235294117647,94.1176470588235
"Kings Corner",2023,"1",2023-11-15,"Annual",11,0,0,0,100
"Kings Corner",2023,"2",2023-11-15,"Annual",9,0,0,0,100
"Kings Corner",2023,"3",2023-11-15,"Annual",11,0,0,0,100
"Kings Corner",2023,"4",2023-11-15,"Annual",25,0,0,0,100
"Kings Corner",2023,"5",2023-11-15,"Annual",8,0,0,0,100
"Kings Corner",2023,"6",2023-11-15,"Annual",19,0,0,0,100
"Kings Corner",2024,"1",2024-03-15,"PBL",11,0,0,0,100
"Kings Corner",2024,"1",2024-11-15,"Annual",8,0,0,0,100
"Kings Corner",2024,"2",2024-03-15,"PBL",11,0,0,0,100
"Kings Corner",2024,"2",2024-11-15,"Annual",15,0,0,0,100
"Kings Corner",2024,"3",2024-03-15,"PBL",10,0,0,0,100
"Kings Corner",2024,"3",2024-11-15,"Annual",21,0,0,0,100
"Kings Corner",2024,"4",2024-03-15,"PBL",12,8.33333333333333,0,8.33333333333333,91.6666666666667
"Kings Corner",2024,"4",2024-11-15,"Annual",11,0,0,0,100
"Kings Corner",2024,"5",2024-03-15,"PBL",5,0,0,0,100
"Kings Corner",2024,"5",2024-11-15,"Annual",7,0,0,0,100
"Kings Corner",2024,"6",2024-03-15,"PBL",12,0,0,0,100
"Kings Corner",2024,"6",2024-11-15,"Annual",19,5.26315789473684,0,5.26315789473684,94.7368421052632
"Kings Corner",2025,"1",2025-04-14,"PBL",16,0,0,0,100
"Kings Corner",2025,"2",2025-04-14,"PBL",20,0,5,5,95
"Kings Corner",2025,"3",2025-04-14,"PBL",29,0,0,0,100
"Kings Corner",2025,"4",2025-04-14,"PBL",24,16.6666666666667,0,16.6666666666667,83.3333333333333
"Kings Corner",2025,"5",2025-04-14,"PBL",5,0,0,0,100
"Kings Corner",2025,"6",2025-04-14,"PBL",11,9.09090909090909,0,9.09090909090909,90.9090909090909
"Lang Bank EEMP",2022,"1",2022-10-21,"Annual",12,8.33333333333333,0,8.33333333333333,91.6666666666667
"Lang Bank EEMP",2022,"2",2022-10-21,"Annual",15,0,0,0,100
"Lang Bank EEMP",2022,"3",2022-10-21,"Annual",10,0,0,0,100
"Lang Bank EEMP",2022,"4",2022-10-21,"Annual",15,6.66666666666667,0,6.66666666666667,93.3333333333333
"Lang Bank EEMP",2022,"5",2022-10-21,"Annual",13,0,0,0,100
"Lang Bank EEMP",2022,"6",2022-10-21,"Annual",18,0,0,0,100
"Lang Bank EEMP",2023,"1",2023-11-14,"Annual",7,0,0,0,100
"Lang Bank EEMP",2023,"2",2023-11-14,"Annual",10,10,0,10,90
"Lang Bank EEMP",2023,"3",2023-11-14,"Annual",15,6.66666666666667,0,6.66666666666667,93.3333333333333
"Lang Bank EEMP",2023,"4",2023-11-14,"Annual",12,0,0,0,100
"Lang Bank EEMP",2023,"5",2023-11-14,"Annual",16,0,0,0,100
"Lang Bank EEMP",2023,"6",2023-11-14,"Annual",16,6.25,0,6.25,93.75
"Lang Bank EEMP",2024,"1",2024-03-16,"PBL",14,7.14285714285714,7.14285714285714,7.14285714285714,92.8571428571429
"Lang Bank EEMP",2024,"1",2024-11-13,"Annual",15,0,0,0,100
"Lang Bank EEMP",2024,"2",2024-03-16,"PBL",9,0,0,0,100
"Lang Bank EEMP",2024,"2",2024-11-13,"Annual",15,6.66666666666667,0,6.66666666666667,93.3333333333333
"Lang Bank EEMP",2024,"3",2024-03-16,"PBL",16,6.25,0,6.25,93.75
"Lang Bank EEMP",2024,"3",2024-11-13,"Annual",14,0,0,0,100
"Lang Bank EEMP",2024,"4",2024-03-16,"PBL",8,0,0,0,100
"Lang Bank EEMP",2024,"4",2024-11-13,"Annual",17,0,0,0,100
"Lang Bank EEMP",2024,"5",2024-03-16,"PBL",11,0,0,0,100
"Lang Bank EEMP",2024,"5",2024-11-13,"Annual",16,0,0,0,100
"Lang Bank EEMP",2024,"6",2024-03-16,"PBL",17,11.7647058823529,0,11.7647058823529,88.2352941176471
"Lang Bank EEMP",2024,"6",2024-11-13,"Annual",19,0,0,0,100
"Lang Bank EEMP",2025,"1",2025-04-15,"PBL",14,7.14285714285714,0,7.14285714285714,92.8571428571429
"Lang Bank EEMP",2025,"2",2025-04-15,"PBL",8,50,0,50,50
"Lang Bank EEMP",2025,"3",2025-04-15,"PBL",16,0,0,0,100
"Lang Bank EEMP",2025,"4",2025-04-15,"PBL",17,5.88235294117647,0,5.88235294117647,94.1176470588235
"Lang Bank EEMP",2025,"5",2025-04-15,"PBL",14,21.4285714285714,0,21.4285714285714,78.5714285714286
"Lang Bank EEMP",2025,"6",2025-04-15,"PBL",9,66.6666666666667,0,66.6666666666667,33.3333333333333
"Lang Bank Red Hind FSA",2022,"1",2022-11-17,"Annual",5,20,0,20,80
"Lang Bank Red Hind FSA",2022,"2",2022-11-17,"Annual",5,0,0,0,100
"Lang Bank Red Hind FSA",2022,"3",2022-11-17,"Annual",12,0,0,0,100
"Lang Bank Red Hind FSA",2022,"4",2022-11-17,"Annual",16,0,0,0,100
"Lang Bank Red Hind FSA",2022,"5",2022-11-17,"Annual",17,5.88235294117647,5.88235294117647,11.7647058823529,88.2352941176471
"Lang Bank Red Hind FSA",2022,"6",2022-11-17,"Annual",13,7.69230769230769,0,7.69230769230769,92.3076923076923
"Lang Bank Red Hind FSA",2023,"1",2023-11-13,"Annual",6,0,0,0,100
"Lang Bank Red Hind FSA",2023,"2",2023-11-13,"Annual",10,0,0,0,100
"Lang Bank Red Hind FSA",2023,"3",2023-11-13,"Annual",8,0,0,0,100
"Lang Bank Red Hind FSA",2023,"4",2023-11-13,"Annual",13,0,0,0,100
"Lang Bank Red Hind FSA",2023,"5",2023-11-13,"Annual",12,0,0,0,100
"Lang Bank Red Hind FSA",2023,"6",2023-11-13,"Annual",14,0,0,0,100
"Lang Bank Red Hind FSA",2024,"1",2024-03-12,"PBL",6,0,0,0,100
"Lang Bank Red Hind FSA",2024,"1",2024-11-16,"Annual",13,0,0,0,100
"Lang Bank Red Hind FSA",2024,"2",2024-03-12,"PBL",8,0,0,0,100
"Lang Bank Red Hind FSA",2024,"2",2024-11-16,"Annual",10,0,0,0,100
"Lang Bank Red Hind FSA",2024,"3",2024-03-12,"PBL",8,0,0,0,100
"Lang Bank Red Hind FSA",2024,"3",2024-11-16,"Annual",11,0,0,0,100
"Lang Bank Red Hind FSA",2024,"4",2024-03-12,"PBL",15,0,0,0,100
"Lang Bank Red Hind FSA",2024,"4",2024-11-16,"Annual",15,0,0,0,100
"Lang Bank Red Hind FSA",2024,"5",2024-03-12,"PBL",12,0,0,0,100
"Lang Bank Red Hind FSA",2024,"5",2024-11-16,"Annual",17,0,0,0,100
"Lang Bank Red Hind FSA",2024,"6",2024-03-12,"PBL",14,0,7.14285714285714,7.14285714285714,92.8571428571429
"Lang Bank Red Hind FSA",2024,"6",2024-11-16,"Annual",20,0,0,0,100
"Lang Bank Red Hind FSA",2025,"1",2025-04-13,"PBL",10,0,0,0,100
"Lang Bank Red Hind FSA",2025,"2",2025-04-13,"PBL",6,0,0,0,100
"Lang Bank Red Hind FSA",2025,"3",2025-04-13,"PBL",11,0,0,0,100
"Lang Bank Red Hind FSA",2025,"4",2025-04-13,"PBL",16,31.25,6.25,31.25,68.75
"Lang Bank Red Hind FSA",2025,"5",2025-04-13,"PBL",13,0,0,0,100
"Lang Bank Red Hind FSA",2025,"6",2025-04-13,"PBL",19,0,0,0,100
"Magens Bay",2022,"1",2022-10-03,"Annual",4,0,0,0,100
"Magens Bay",2022,"2",2022-10-03,"Annual",32,3.125,0,3.125,96.875
"Magens Bay",2022,"3",2022-10-03,"Annual",25,0,0,0,100
"Magens Bay",2022,"4",2022-10-03,"Annual",64,4.6875,0,4.6875,95.3125
"Magens Bay",2022,"5",2022-10-03,"Annual",5,20,0,20,80
"Magens Bay",2022,"6",2022-10-03,"Annual",4,0,0,0,100
"Magens Bay",2023,"1",2023-10-12,"Annual",6,0,0,0,100
"Magens Bay",2023,"2",2023-10-12,"Annual",35,0,0,0,100
"Magens Bay",2023,"3",2023-10-12,"Annual",37,2.7027027027027,0,2.7027027027027,97.2972972972973
"Magens Bay",2023,"4",2023-10-12,"Annual",34,0,0,0,100
"Magens Bay",2023,"5",2023-10-12,"Annual",8,0,0,0,100
"Magens Bay",2023,"6",2023-10-12,"Annual",16,0,0,0,100
"Magens Bay",2024,"1",2024-04-17,"PBL",4,0,0,0,100
"Magens Bay",2024,"1",2024-10-22,"Annual",3,0,0,0,100
"Magens Bay",2024,"2",2024-04-17,"PBL",30,0,0,0,100
"Magens Bay",2024,"2",2024-10-22,"Annual",21,0,0,0,100
"Magens Bay",2024,"3",2024-04-17,"PBL",35,0,0,0,100
"Magens Bay",2024,"3",2024-10-22,"Annual",30,36.6666666666667,10,43.3333333333333,56.6666666666667
"Magens Bay",2024,"4",2024-04-17,"PBL",37,0,2.7027027027027,2.7027027027027,97.2972972972973
"Magens Bay",2024,"4",2024-10-22,"Annual",40,25,5,30,70
"Magens Bay",2024,"5",2024-04-17,"PBL",9,0,0,0,100
"Magens Bay",2024,"5",2024-10-22,"Annual",8,12.5,0,12.5,87.5
"Magens Bay",2024,"6",2024-04-17,"PBL",11,9.09090909090909,9.09090909090909,9.09090909090909,90.9090909090909
"Magens Bay",2024,"6",2024-10-22,"Annual",14,7.14285714285714,7.14285714285714,14.2857142857143,85.7142857142857
"Magens Bay",2025,"1",2025-03-19,"PBL",3,0,0,0,100
"Magens Bay",2025,"2",2025-03-19,"PBL",23,13.0434782608696,0,13.0434782608696,86.9565217391304
"Magens Bay",2025,"3",2025-03-19,"PBL",30,10,0,10,90
"Magens Bay",2025,"4",2025-03-19,"PBL",29,44.8275862068966,0,44.8275862068966,55.1724137931034
"Magens Bay",2025,"5",2025-03-19,"PBL",5,0,0,0,100
"Magens Bay",2025,"6",2025-03-19,"PBL",6,0,0,0,100
"Meri Shoal",2022,"1",2022-11-30,"Annual",20,0,0,0,100
"Meri Shoal",2022,"2",2022-11-30,"Annual",33,6.06060606060606,0,6.06060606060606,93.9393939393939
"Meri Shoal",2022,"3",2022-11-30,"Annual",16,18.75,0,18.75,81.25
"Meri Shoal",2022,"4",2022-11-30,"Annual",12,0,0,0,100
"Meri Shoal",2022,"5",2022-11-30,"Annual",17,17.6470588235294,0,17.6470588235294,82.3529411764706
"Meri Shoal",2022,"6",2022-11-30,"Annual",26,15.3846153846154,7.69230769230769,15.3846153846154,84.6153846153846
"Meri Shoal",2023,"1",2023-12-07,"Annual",14,7.14285714285714,7.14285714285714,7.14285714285714,92.8571428571429
"Meri Shoal",2023,"2",2023-12-07,"Annual",21,0,0,0,100
"Meri Shoal",2023,"3",2023-12-07,"Annual",14,0,0,0,100
"Meri Shoal",2023,"4",2023-12-07,"Annual",19,0,0,0,100
"Meri Shoal",2023,"5",2023-12-07,"Annual",13,0,0,0,100
"Meri Shoal",2023,"6",2023-12-07,"Annual",22,0,0,0,100
"Meri Shoal",2024,"1",2024-04-22,"PBL",14,0,0,0,100
"Meri Shoal",2024,"1",2024-11-22,"Annual",12,8.33333333333333,0,8.33333333333333,91.6666666666667
"Meri Shoal",2024,"2",2024-04-22,"PBL",17,0,0,0,100
"Meri Shoal",2024,"2",2024-11-22,"Annual",18,0,0,0,100
"Meri Shoal",2024,"3",2024-04-22,"PBL",13,7.69230769230769,7.69230769230769,7.69230769230769,92.3076923076923
"Meri Shoal",2024,"3",2024-11-22,"Annual",10,0,0,0,100
"Meri Shoal",2024,"4",2024-04-22,"PBL",16,6.25,0,6.25,93.75
"Meri Shoal",2024,"4",2024-11-22,"Annual",13,0,0,0,100
"Meri Shoal",2024,"5",2024-04-22,"PBL",14,0,14.2857142857143,14.2857142857143,85.7142857142857
"Meri Shoal",2024,"5",2024-11-22,"Annual",18,0,0,0,100
"Meri Shoal",2024,"6",2024-04-22,"PBL",17,29.4117647058824,11.7647058823529,29.4117647058824,70.5882352941177
"Meri Shoal",2024,"6",2024-11-22,"Annual",18,5.55555555555556,0,5.55555555555556,94.4444444444444
"Meri Shoal",2025,"1",2025-03-21,"PBL",10,0,0,0,100
"Meri Shoal",2025,"2",2025-03-21,"PBL",9,0,22.2222222222222,22.2222222222222,77.7777777777778
"Meri Shoal",2025,"3",2025-03-21,"PBL",8,12.5,0,12.5,87.5
"Meri Shoal",2025,"4",2025-03-21,"PBL",9,22.2222222222222,11.1111111111111,22.2222222222222,77.7777777777778
"Meri Shoal",2025,"5",2025-03-21,"PBL",13,69.2307692307692,23.0769230769231,69.2307692307692,30.7692307692308
"Meri Shoal",2025,"6",2025-03-21,"PBL",13,61.5384615384615,30.7692307692308,69.2307692307692,30.7692307692308
"Mutton Snapper FSA",2022,"1",2022-10-22,"Annual",11,9.09090909090909,9.09090909090909,9.09090909090909,90.9090909090909
"Mutton Snapper FSA",2022,"2",2022-10-22,"Annual",15,0,0,0,100
"Mutton Snapper FSA",2022,"3",2022-10-22,"Annual",4,0,0,0,100
"Mutton Snapper FSA",2022,"4",2022-10-22,"Annual",8,0,0,0,100
"Mutton Snapper FSA",2022,"5",2022-10-22,"Annual",3,33.3333333333333,0,33.3333333333333,66.6666666666667
"Mutton Snapper FSA",2022,"6",2022-10-22,"Annual",9,0,0,0,100
"Mutton Snapper FSA",2023,"1",2023-11-10,"Annual",8,0,0,0,100
"Mutton Snapper FSA",2023,"2",2023-11-10,"Annual",6,0,0,0,100
"Mutton Snapper FSA",2023,"3",2023-11-10,"Annual",10,0,0,0,100
"Mutton Snapper FSA",2023,"4",2023-11-10,"Annual",11,0,0,0,100
"Mutton Snapper FSA",2023,"5",2023-11-10,"Annual",7,0,0,0,100
"Mutton Snapper FSA",2023,"6",2023-11-10,"Annual",11,0,0,0,100
"Mutton Snapper FSA",2024,"1",2024-03-15,"PBL",9,0,0,0,100
"Mutton Snapper FSA",2024,"1",2024-11-15,"Annual",8,0,0,0,100
"Mutton Snapper FSA",2024,"2",2024-03-15,"PBL",10,10,0,10,90
"Mutton Snapper FSA",2024,"2",2024-11-15,"Annual",7,0,0,0,100
"Mutton Snapper FSA",2024,"3",2024-03-15,"PBL",5,0,0,0,100
"Mutton Snapper FSA",2024,"3",2024-11-15,"Annual",16,0,0,0,100
"Mutton Snapper FSA",2024,"4",2024-03-15,"PBL",6,0,0,0,100
"Mutton Snapper FSA",2024,"4",2024-11-15,"Annual",9,0,0,0,100
"Mutton Snapper FSA",2024,"5",2024-03-15,"PBL",3,0,0,0,100
"Mutton Snapper FSA",2024,"5",2024-11-15,"Annual",15,0,0,0,100
"Mutton Snapper FSA",2024,"6",2024-03-15,"PBL",5,0,0,0,100
"Mutton Snapper FSA",2024,"6",2024-11-15,"Annual",9,0,0,0,100
"Mutton Snapper FSA",2025,"1",2025-04-14,"PBL",16,0,6.25,6.25,93.75
"Mutton Snapper FSA",2025,"2",2025-04-14,"PBL",20,20,5,25,75
"Mutton Snapper FSA",2025,"4",2025-04-14,"PBL",9,11.1111111111111,0,11.1111111111111,88.8888888888889
"Mutton Snapper FSA",2025,"5",2025-04-14,"PBL",8,0,0,0,100
"Mutton Snapper FSA",2025,"6",2025-04-14,"PBL",10,0,0,0,100
"Salt River Deep",2022,"1",2022-10-20,"Annual",7,14.2857142857143,0,14.2857142857143,85.7142857142857
"Salt River Deep",2022,"2",2022-10-20,"Annual",9,44.4444444444444,0,44.4444444444444,55.5555555555556
"Salt River Deep",2022,"3",2022-10-20,"Annual",8,0,0,0,100
"Salt River Deep",2022,"4",2022-10-20,"Annual",9,11.1111111111111,0,11.1111111111111,88.8888888888889
"Salt River Deep",2022,"5",2022-10-20,"Annual",9,11.1111111111111,0,11.1111111111111,88.8888888888889
"Salt River Deep",2022,"6",2022-10-20,"Annual",4,50,0,50,50
"Salt River Deep",2023,"1",2023-11-11,"Annual",5,0,0,0,100
"Salt River Deep",2023,"2",2023-11-11,"Annual",10,0,0,0,100
"Salt River Deep",2023,"3",2023-11-11,"Annual",3,33.3333333333333,0,33.3333333333333,66.6666666666667
"Salt River Deep",2023,"4",2023-11-11,"Annual",10,0,0,0,100
"Salt River Deep",2023,"5",2023-11-11,"Annual",7,0,0,0,100
"Salt River Deep",2023,"6",2023-11-11,"Annual",7,0,0,0,100
"Salt River Deep",2024,"1",2024-03-14,"PBL",6,0,0,0,100
"Salt River Deep",2024,"2",2024-03-14,"PBL",5,0,0,0,100
"Salt River Deep",2024,"2",2024-11-14,"Annual",5,0,0,0,100
"Salt River Deep",2024,"3",2024-03-14,"PBL",4,0,0,0,100
"Salt River Deep",2024,"3",2024-11-14,"Annual",9,0,0,0,100
"Salt River Deep",2024,"4",2024-03-14,"PBL",6,0,0,0,100
"Salt River Deep",2024,"4",2024-11-14,"Annual",7,0,0,0,100
"Salt River Deep",2024,"5",2024-03-14,"PBL",4,0,0,0,100
"Salt River Deep",2024,"5",2024-11-14,"Annual",5,20,0,20,80
"Salt River Deep",2024,"6",2024-03-14,"PBL",5,0,0,0,100
"Salt River Deep",2024,"6",2024-11-14,"Annual",8,0,0,0,100
"Salt River Deep",2025,"1",2025-04-12,"PBL",8,12.5,0,12.5,87.5
"Salt River Deep",2025,"2",2025-04-12,"PBL",4,0,0,0,100
"Salt River Deep",2025,"3",2025-04-12,"PBL",7,0,0,0,100
"Salt River Deep",2025,"4",2025-04-12,"PBL",10,0,0,0,100
"Salt River Deep",2025,"5",2025-04-12,"PBL",6,66.6666666666667,0,66.6666666666667,33.3333333333333
"Salt River Deep",2025,"6",2025-04-12,"PBL",6,50,0,50,50
"Salt River West",2022,"1",2022-10-20,"Annual",9,0,0,0,100
"Salt River West",2022,"2",2022-10-20,"Annual",11,9.09090909090909,0,9.09090909090909,90.9090909090909
"Salt River West",2022,"3",2022-10-20,"Annual",13,0,0,0,100
"Salt River West",2022,"4",2022-10-20,"Annual",15,0,0,0,100
"Salt River West",2022,"5",2022-10-20,"Annual",12,0,0,0,100
"Salt River West",2022,"6",2022-10-20,"Annual",17,11.7647058823529,5.88235294117647,11.7647058823529,88.2352941176471
"Salt River West",2023,"1",2023-11-11,"Annual",12,0,0,0,100
"Salt River West",2023,"2",2023-11-11,"Annual",10,0,0,0,100
"Salt River West",2023,"3",2023-11-11,"Annual",16,6.25,0,6.25,93.75
"Salt River West",2023,"4",2023-11-11,"Annual",16,6.25,0,6.25,93.75
"Salt River West",2023,"5",2023-11-11,"Annual",11,0,0,0,100
"Salt River West",2023,"6",2023-11-11,"Annual",13,0,0,0,100
"Salt River West",2024,"1",2024-03-14,"PBL",9,0,0,0,100
"Salt River West",2024,"1",2024-11-14,"Annual",6,0,16.6666666666667,16.6666666666667,83.3333333333333
"Salt River West",2024,"2",2024-03-14,"PBL",10,0,0,0,100
"Salt River West",2024,"2",2024-11-14,"Annual",11,0,0,0,100
"Salt River West",2024,"3",2024-03-14,"PBL",6,0,0,0,100
"Salt River West",2024,"3",2024-11-14,"Annual",10,0,0,0,100
"Salt River West",2024,"4",2024-03-14,"PBL",15,0,0,0,100
"Salt River West",2024,"4",2024-11-14,"Annual",9,22.2222222222222,0,22.2222222222222,77.7777777777778
"Salt River West",2024,"5",2024-03-14,"PBL",10,10,0,10,90
"Salt River West",2024,"5",2024-11-14,"Annual",17,5.88235294117647,0,5.88235294117647,94.1176470588235
"Salt River West",2024,"6",2024-03-14,"PBL",13,0,0,0,100
"Salt River West",2024,"6",2024-11-14,"Annual",16,0,0,0,100
"Salt River West",2025,"1",2025-04-12,"PBL",6,0,0,0,100
"Salt River West",2025,"2",2025-04-12,"PBL",11,9.09090909090909,0,9.09090909090909,90.9090909090909
"Salt River West",2025,"3",2025-04-12,"PBL",11,45.4545454545455,0,45.4545454545455,54.5454545454545
"Salt River West",2025,"4",2025-04-12,"PBL",14,35.7142857142857,0,35.7142857142857,64.2857142857143
"Salt River West",2025,"5",2025-04-12,"PBL",14,42.8571428571429,0,42.8571428571429,57.1428571428571
"Salt River West",2025,"6",2025-04-12,"PBL",9,11.1111111111111,0,11.1111111111111,88.8888888888889
"Savana",2022,"1",2022-10-03,"Annual",7,0,0,0,100
"Savana",2022,"2",2022-10-03,"Annual",13,0,0,0,100
"Savana",2022,"3",2022-10-03,"Annual",35,0,0,0,100
"Savana",2022,"4",2022-10-03,"Annual",6,0,0,0,100
"Savana",2022,"5",2022-10-03,"Annual",5,20,0,20,80
"Savana",2022,"6",2022-10-03,"Annual",5,0,0,0,100
"Savana",2023,"1",2023-10-30,"Annual",47,2.12765957446809,0,2.12765957446809,97.8723404255319
"Savana",2023,"2",2023-10-30,"Annual",46,0,2.17391304347826,2.17391304347826,97.8260869565217
"Savana",2023,"3",2023-10-30,"Annual",39,5.12820512820513,0,5.12820512820513,94.8717948717949
"Savana",2023,"4",2023-10-30,"Annual",11,0,0,0,100
"Savana",2023,"5",2023-10-30,"Annual",8,0,0,0,100
"Savana",2023,"6",2023-10-30,"Annual",8,0,0,0,100
"Savana",2024,"1",2024-04-11,"PBL",51,0,0,0,100
"Savana",2024,"1",2024-10-17,"Annual",69,1.44927536231884,0,1.44927536231884,98.5507246376812
"Savana",2024,"2",2024-04-11,"PBL",35,2.85714285714286,0,2.85714285714286,97.1428571428571
"Savana",2024,"2",2024-10-17,"Annual",40,15,0,15,85
"Savana",2024,"3",2024-04-11,"PBL",29,0,0,0,100
"Savana",2024,"3",2024-10-17,"Annual",43,18.6046511627907,0,18.6046511627907,81.3953488372093
"Savana",2024,"4",2024-04-11,"PBL",10,0,0,0,100
"Savana",2024,"4",2024-10-17,"Annual",7,0,0,0,100
"Savana",2024,"5",2024-04-11,"PBL",10,0,0,0,100
"Savana",2024,"5",2024-10-17,"Annual",12,8.33333333333333,8.33333333333333,16.6666666666667,83.3333333333333
"Savana",2024,"6",2024-04-11,"PBL",17,11.7647058823529,0,11.7647058823529,88.2352941176471
"Savana",2024,"6",2024-10-17,"Annual",12,16.6666666666667,0,16.6666666666667,83.3333333333333
"Savana",2025,"1",2025-03-19,"PBL",58,6.89655172413793,0,6.89655172413793,93.1034482758621
"Savana",2025,"2",2025-03-19,"PBL",36,0,0,0,100
"Savana",2025,"3",2025-03-19,"PBL",23,0,0,0,100
"Savana",2025,"4",2025-03-19,"PBL",4,0,0,0,100
"Savana",2025,"5",2025-03-19,"PBL",2,0,0,0,100
"Savana",2025,"6",2025-03-19,"PBL",7,0,0,0,100
"Seahorse Cottage Shoal",2022,"1",2022-10-04,"Annual",16,0,0,0,100
"Seahorse Cottage Shoal",2022,"2",2022-10-04,"Annual",19,0,0,0,100
"Seahorse Cottage Shoal",2022,"3",2022-10-04,"Annual",15,0,0,0,100
"Seahorse Cottage Shoal",2022,"4",2022-10-04,"Annual",101,0,0,0,100
"Seahorse Cottage Shoal",2022,"5",2022-10-04,"Annual",83,2.40963855421687,0,2.40963855421687,97.5903614457831
"Seahorse Cottage Shoal",2022,"6",2022-10-04,"Annual",101,0.99009900990099,0,0.99009900990099,99.009900990099
"Seahorse Cottage Shoal",2023,"1",2023-10-30,"Annual",19,0,0,0,100
"Seahorse Cottage Shoal",2023,"2",2023-10-30,"Annual",15,0,0,0,100
"Seahorse Cottage Shoal",2023,"3",2023-10-30,"Annual",14,7.14285714285714,0,7.14285714285714,92.8571428571429
"Seahorse Cottage Shoal",2023,"4",2023-10-30,"Annual",86,4.65116279069767,0,4.65116279069767,95.3488372093023
"Seahorse Cottage Shoal",2023,"5",2023-10-30,"Annual",126,4.76190476190476,1.58730158730159,5.55555555555556,94.4444444444444
"Seahorse Cottage Shoal",2023,"6",2023-10-30,"Annual",83,15.6626506024096,0,15.6626506024096,84.3373493975904
"Seahorse Cottage Shoal",2024,"1",2024-03-07,"PBL",11,0,0,0,100
"Seahorse Cottage Shoal",2024,"1",2024-10-29,"Annual",14,0,0,0,100
"Seahorse Cottage Shoal",2024,"2",2024-03-07,"PBL",11,0,0,0,100
"Seahorse Cottage Shoal",2024,"2",2024-10-29,"Annual",15,0,0,0,100
"Seahorse Cottage Shoal",2024,"3",2024-03-07,"PBL",13,7.69230769230769,0,7.69230769230769,92.3076923076923
"Seahorse Cottage Shoal",2024,"3",2024-10-29,"Annual",15,6.66666666666667,0,6.66666666666667,93.3333333333333
"Seahorse Cottage Shoal",2024,"4",2024-03-07,"PBL",77,10.3896103896104,0,10.3896103896104,89.6103896103896
"Seahorse Cottage Shoal",2024,"4",2024-10-29,"Annual",94,6.38297872340426,2.12765957446809,8.51063829787234,91.4893617021277
"Seahorse Cottage Shoal",2024,"5",2024-03-07,"PBL",91,0,0,0,100
"Seahorse Cottage Shoal",2024,"5",2024-10-29,"Annual",106,3.77358490566038,0,3.77358490566038,96.2264150943396
"Seahorse Cottage Shoal",2024,"6",2024-03-07,"PBL",74,18.9189189189189,1.35135135135135,20.2702702702703,79.7297297297297
"Seahorse Cottage Shoal",2024,"6",2024-10-29,"Annual",110,13.6363636363636,2.72727272727273,16.3636363636364,83.6363636363636
"Seahorse Cottage Shoal",2025,"1",2025-03-20,"PBL",13,30.7692307692308,0,30.7692307692308,69.2307692307692
"Seahorse Cottage Shoal",2025,"2",2025-03-20,"PBL",18,0,0,0,100
"Seahorse Cottage Shoal",2025,"3",2025-03-20,"PBL",15,0,0,0,100
"Seahorse Cottage Shoal",2025,"4",2025-03-20,"PBL",83,25.3012048192771,1.20481927710843,26.5060240963855,73.4939759036145
"Seahorse Cottage Shoal",2025,"5",2025-03-20,"PBL",66,1.51515151515152,1.51515151515152,1.51515151515152,98.4848484848485
"Seahorse Cottage Shoal",2025,"6",2025-03-20,"PBL",68,1.47058823529412,0,1.47058823529412,98.5294117647059
"South Capella",2022,"1",2022-11-30,"Annual",10,0,0,0,100
"South Capella",2022,"2",2022-11-30,"Annual",8,0,0,0,100
"South Capella",2022,"3",2022-11-30,"Annual",11,0,0,0,100
"South Capella",2022,"4",2022-11-30,"Annual",9,0,0,0,100
"South Capella",2022,"5",2022-11-30,"Annual",15,0,0,0,100
"South Capella",2022,"6",2022-11-30,"Annual",14,7.14285714285714,0,7.14285714285714,92.8571428571429
"South Capella",2023,"1",2023-10-23,"Annual",16,0,0,0,100
"South Capella",2023,"2",2023-10-23,"Annual",16,0,0,0,100
"South Capella",2023,"3",2023-10-23,"Annual",18,0,0,0,100
"South Capella",2023,"4",2023-10-23,"Annual",9,0,0,0,100
"South Capella",2023,"5",2023-10-23,"Annual",15,0,0,0,100
"South Capella",2023,"6",2023-10-23,"Annual",15,0,0,0,100
"South Capella",2024,"1",2024-04-22,"PBL",9,0,11.1111111111111,11.1111111111111,88.8888888888889
"South Capella",2024,"1",2024-10-25,"Annual",9,0,0,0,100
"South Capella",2024,"2",2024-04-22,"PBL",8,0,0,0,100
"South Capella",2024,"2",2024-10-25,"Annual",9,0,0,0,100
"South Capella",2024,"3",2024-04-22,"PBL",6,0,0,0,100
"South Capella",2024,"3",2024-10-25,"Annual",12,0,0,0,100
"South Capella",2024,"4",2024-04-22,"PBL",8,0,0,0,100
"South Capella",2024,"4",2024-10-25,"Annual",13,0,0,0,100
"South Capella",2024,"5",2024-04-22,"PBL",9,0,0,0,100
"South Capella",2024,"5",2024-10-25,"Annual",13,7.69230769230769,0,7.69230769230769,92.3076923076923
"South Capella",2024,"6",2024-04-22,"PBL",13,0,0,0,100
"South Capella",2024,"6",2024-10-25,"Annual",15,0,6.66666666666667,6.66666666666667,93.3333333333333
"South Capella",2025,"1",2025-03-27,"PBL",15,33.3333333333333,0,33.3333333333333,66.6666666666667
"South Capella",2025,"2",2025-03-27,"PBL",14,7.14285714285714,0,7.14285714285714,92.8571428571429
"South Capella",2025,"3",2025-03-27,"PBL",13,0,0,0,100
"South Capella",2025,"4",2025-03-27,"PBL",16,37.5,0,37.5,62.5
"South Capella",2025,"5",2025-03-27,"PBL",16,31.25,6.25,37.5,62.5
"South Capella",2025,"6",2025-03-27,"PBL",14,64.2857142857143,7.14285714285714,64.2857142857143,35.7142857142857
"South Water",2022,"1",2022-12-07,"Annual",6,0,0,0,100
"South Water",2022,"2",2022-12-07,"Annual",9,0,0,0,100
"South Water",2022,"3",2022-12-07,"Annual",7,0,0,0,100
"South Water",2022,"4",2022-12-07,"Annual",8,0,0,0,100
"South Water",2022,"5",2022-12-07,"Annual",7,0,0,0,100
"South Water",2022,"6",2022-12-07,"Annual",8,0,12.5,12.5,87.5
"South Water",2023,"1",2023-10-23,"Annual",11,9.09090909090909,0,9.09090909090909,90.9090909090909
"South Water",2023,"2",2023-10-23,"Annual",13,0,0,0,100
"South Water",2023,"3",2023-10-23,"Annual",4,0,0,0,100
"South Water",2023,"4",2023-10-23,"Annual",7,0,0,0,100
"South Water",2023,"5",2023-10-23,"Annual",11,0,0,0,100
"South Water",2023,"6",2023-10-23,"Annual",12,0,0,0,100
"South Water",2024,"1",2024-04-26,"PBL",7,0,0,0,100
"South Water",2024,"1",2024-10-25,"Annual",11,0,0,0,100
"South Water",2024,"2",2024-04-26,"PBL",8,0,0,0,100
"South Water",2024,"2",2024-10-25,"Annual",9,0,0,0,100
"South Water",2024,"3",2024-04-26,"PBL",7,0,0,0,100
"South Water",2024,"3",2024-10-25,"Annual",18,0,0,0,100
"South Water",2024,"4",2024-04-26,"PBL",6,0,0,0,100
"South Water",2024,"4",2024-10-25,"Annual",11,0,0,0,100
"South Water",2024,"5",2024-04-26,"PBL",7,0,0,0,100
"South Water",2024,"5",2024-10-25,"Annual",15,0,0,0,100
"South Water",2024,"6",2024-04-26,"PBL",6,0,0,0,100
"South Water",2024,"6",2024-10-25,"Annual",29,3.44827586206897,0,3.44827586206897,96.551724137931
"South Water",2025,"1",2025-03-28,"PBL",19,0,0,0,100
"South Water",2025,"2",2025-03-28,"PBL",15,0,0,0,100
"South Water",2025,"3",2025-03-28,"PBL",12,0,0,0,100
"South Water",2025,"4",2025-03-28,"PBL",11,9.09090909090909,0,9.09090909090909,90.9090909090909
"South Water",2025,"5",2025-03-28,"PBL",13,0,0,0,100
"South Water",2025,"6",2025-03-28,"PBL",11,0,0,0,100
"Sprat Hole",2022,"1",2022-10-22,"Annual",14,0,0,0,100
"Sprat Hole",2022,"2",2022-10-22,"Annual",14,14.2857142857143,0,14.2857142857143,85.7142857142857
"Sprat Hole",2022,"3",2022-10-22,"Annual",11,0,0,0,100
"Sprat Hole",2022,"4",2022-10-22,"Annual",6,16.6666666666667,0,16.6666666666667,83.3333333333333
"Sprat Hole",2022,"5",2022-10-22,"Annual",14,14.2857142857143,0,14.2857142857143,85.7142857142857
"Sprat Hole",2022,"6",2022-10-22,"Annual",16,12.5,0,12.5,87.5
"Sprat Hole",2023,"1",2023-11-12,"Annual",19,5.26315789473684,0,5.26315789473684,94.7368421052632
"Sprat Hole",2023,"2",2023-11-12,"Annual",18,0,0,0,100
"Sprat Hole",2023,"3",2023-11-12,"Annual",8,0,0,0,100
"Sprat Hole",2023,"4",2023-11-12,"Annual",11,0,0,0,100
"Sprat Hole",2023,"5",2023-11-12,"Annual",13,0,0,0,100
"Sprat Hole",2023,"6",2023-11-12,"Annual",16,0,0,0,100
"Sprat Hole",2024,"1",2024-03-15,"PBL",28,7.14285714285714,0,7.14285714285714,92.8571428571429
"Sprat Hole",2024,"1",2024-11-14,"Annual",18,0,0,0,100
"Sprat Hole",2024,"2",2024-03-15,"PBL",13,0,0,0,100
"Sprat Hole",2024,"2",2024-11-14,"Annual",13,7.69230769230769,0,7.69230769230769,92.3076923076923
"Sprat Hole",2024,"3",2024-03-15,"PBL",7,0,0,0,100
"Sprat Hole",2024,"3",2024-11-14,"Annual",7,0,0,0,100
"Sprat Hole",2024,"4",2024-03-15,"PBL",12,33.3333333333333,8.33333333333333,33.3333333333333,66.6666666666667
"Sprat Hole",2024,"4",2024-11-14,"Annual",12,25,8.33333333333333,25,75
"Sprat Hole",2024,"5",2024-03-15,"PBL",12,0,0,0,100
"Sprat Hole",2024,"5",2024-11-14,"Annual",15,6.66666666666667,0,6.66666666666667,93.3333333333333
"Sprat Hole",2024,"6",2024-03-15,"PBL",17,5.88235294117647,0,5.88235294117647,94.1176470588235
"Sprat Hole",2024,"6",2024-11-14,"Annual",22,9.09090909090909,4.54545454545455,13.6363636363636,86.3636363636364
"Sprat Hole",2025,"1",2025-04-14,"PBL",26,0,3.84615384615385,3.84615384615385,96.1538461538462
"Sprat Hole",2025,"2",2025-04-14,"PBL",15,60,6.66666666666667,66.6666666666667,33.3333333333333
"Sprat Hole",2025,"3",2025-04-14,"PBL",8,0,0,0,100
"Sprat Hole",2025,"4",2025-04-14,"PBL",12,91.6666666666667,0,91.6666666666667,8.33333333333334
"Sprat Hole",2025,"5",2025-04-14,"PBL",27,51.8518518518518,0,51.8518518518518,48.1481481481482
"Sprat Hole",2025,"6",2025-04-14,"PBL",14,50,14.2857142857143,50,50
"St James",2022,"1",2022-10-12,"Annual",5,0,0,0,100
"St James",2022,"2",2022-10-12,"Annual",11,0,0,0,100
"St James",2022,"3",2022-10-12,"Annual",5,0,0,0,100
"St James",2022,"4",2022-10-12,"Annual",12,8.33333333333333,0,8.33333333333333,91.6666666666667
"St James",2022,"5",2022-10-12,"Annual",15,0,0,0,100
"St James",2022,"6",2022-10-12,"Annual",12,8.33333333333333,0,8.33333333333333,91.6666666666667
"St James",2023,"1",2023-10-19,"Annual",14,0,0,0,100
"St James",2023,"2",2023-10-19,"Annual",20,0,0,0,100
"St James",2023,"3",2023-10-19,"Annual",11,9.09090909090909,0,9.09090909090909,90.9090909090909
"St James",2023,"4",2023-10-19,"Annual",18,0,0,0,100
"St James",2023,"5",2023-10-19,"Annual",19,5.26315789473684,5.26315789473684,5.26315789473684,94.7368421052632
"St James",2023,"6",2023-10-19,"Annual",16,6.25,0,6.25,93.75
"St James",2024,"1",2024-04-26,"PBL",12,0,0,0,100
"St James",2024,"1",2024-10-29,"Annual",14,0,0,0,100
"St James",2024,"2",2024-04-26,"PBL",11,0,0,0,100
"St James",2024,"2",2024-10-29,"Annual",13,0,0,0,100
"St James",2024,"3",2024-04-26,"PBL",8,0,0,0,100
"St James",2024,"3",2024-10-29,"Annual",12,0,0,0,100
"St James",2024,"4",2024-04-26,"PBL",13,0,0,0,100
"St James",2024,"4",2024-10-29,"Annual",23,0,0,0,100
"St James",2024,"5",2024-04-26,"PBL",13,0,0,0,100
"St James",2024,"5",2024-10-29,"Annual",14,0,0,0,100
"St James",2024,"6",2024-04-26,"PBL",11,0,0,0,100
"St James",2024,"6",2024-10-29,"Annual",26,0,0,0,100
"St James",2025,"1",2025-03-21,"PBL",27,18.5185185185185,0,18.5185185185185,81.4814814814815
"St James",2025,"2",2025-03-21,"PBL",23,4.34782608695652,4.34782608695652,4.34782608695652,95.6521739130435
"St James",2025,"3",2025-03-21,"PBL",24,0,0,0,100
"St James",2025,"4",2025-03-21,"PBL",19,0,0,0,100
"St James",2025,"5",2025-03-21,"PBL",12,0,0,0,100
"St James",2025,"6",2025-03-21,"PBL",12,8.33333333333333,0,8.33333333333333,91.6666666666667
